-- =====================================================================
-- 001b_seed.sql — Nạp Data_set.xlsx vào schema `raw` bằng INSERT thuần
--
-- Dùng khi KHÔNG muốn cài Python/psql: dán thẳng vào Supabase SQL Editor.
-- Sinh tự động từ Data_set.xlsx, KHÔNG sửa một giá trị nào.
--   • giữ nguyên dòng trùng (src_row_index 20 và 450)
--   • giữ nguyên SO2605-9999 (qty_order = 900)
--   • giữ nguyên tồn âm, orphan KH999 / VT999
--   • last_receipt_serial vẫn là số nguyên (chưa convert)
--
-- Chạy SAU 001_raw.sql, TRƯỚC 002_stg.sql
-- =====================================================================

-- raw.fact_sales_orders  (452 dòng)
truncate raw.fact_sales_orders;
insert into raw.fact_sales_orders (src_row_index, doc_date, order_no, line_no, customer_code, item_code, warehouse_code, qty_order, qty_delivered, unit_price, discount_pct, doc_status, delivery_due_date, actual_delivery_date, salesperson, note) values
  (0, '2026-03-09', 'SO2603-0030', 1, 'KH036', 'VT010', 'WH_DN', 19, 19, 1170000, 0.0, 'Completed', '2026-03-19', '2026-03-22', 'NV Chi', NULL),
  (1, '2026-05-10', 'SO2605-0126', 3, 'KH004', 'VT006', 'WH_HCM', 18, 18, 2430000, 0.1, 'Completed', '2026-05-13', '2026-05-13', 'NV Dũng', NULL),
  (2, '2026-05-22', 'SO2605-0110', 1, 'KH008', 'VT005', 'WH_DA', 35, 33, 150000, 0.08, 'Completed', '2026-05-24', '2026-05-25', 'NV Bình', NULL),
  (3, '2026-01-11', 'SO2601-0079', 3, 'KH003', 'VT023', 'WH_DA', 16, 14, 2250000, 0.05, 'Completed', '2026-01-18', '2026-01-21', 'NV Bình', NULL),
  (4, '2026-03-02', 'SO2603-0042', 2, 'KH027', 'VT002', 'WH_DA', 22, 13, 427000, 0.1, 'Open', '2026-03-12', NULL, 'NV Bình', NULL),
  (5, '2026-03-10', 'SO2603-0041', 1, 'KH025', 'VT003', 'WH_HCM', 15, 15, 212000, 0.02, 'Completed', '2026-03-12', '2026-03-12', 'NV An', NULL),
  (6, '2026-06-18', 'SO2606-0050', 4, 'KH022', 'VT018', 'WH_HN', 18, 18, 648000, 0.1, 'Completed', '2026-06-25', '2026-06-25', 'NV An', NULL),
  (7, '2026-01-30', 'SO2601-0067', 2, 'KH038', 'VT017', 'WH_HN', 7, 5, 225000, 0.02, 'Completed', '2026-02-04', '2026-02-06', 'NV An', NULL),
  (8, '2026-04-09', 'SO2604-0049', 3, 'KH003', 'VT028', 'WH_HN', 34, 0, 845000, 0.08, 'Cancelled', '2026-04-19', NULL, 'NV Bình', NULL),
  (9, '2026-04-04', 'SO2604-0111', 1, 'KH022', 'VT021', 'WH_HN', 20, 20, 413000, 0.02, 'Completed', '2026-04-09', '2026-04-12', 'NV Chi', NULL),
  (10, '2026-05-22', 'SO2605-0033', 2, 'KH027', 'VT025', 'WH_DA', 20, 20, 2304000, 0.02, 'Completed', '2026-05-24', '2026-05-25', 'NV Chi', NULL),
  (11, '2026-04-30', 'SO2604-0114', 4, 'KH014', 'VT033', 'WH_HCM', 11, 9, 413000, 0.1, 'Completed', '2026-05-10', '2026-05-12', 'NV Chi', NULL),
  (12, '2026-01-24', 'SO2601-0061', 3, 'KH015', 'VT013', 'WH_DA', 2, 0, 614000, 0.0, 'Completed', '2026-01-29', '2026-01-30', 'NV Bình', NULL),
  (13, '2026-06-28', 'SO2606-0099', 4, 'KH026', 'VT016', 'WH_DA', 1, 0, 845000, 0.0, 'Cancelled', '2026-07-03', NULL, 'NV Bình', NULL),
  (14, '2026-02-15', 'SO2602-0133', 4, 'KH004', 'VT036', 'WH_DA', 8, 6, 243000, 0.08, 'Completed', '2026-02-22', '2026-02-24', 'NV Chi', NULL),
  (15, '2026-04-24', 'SO2604-0130', 4, 'KH036', 'VT029', 'WH_DA', 31, 30, 1125000, 0.02, 'Completed', '2026-05-01', '2026-05-02', 'NV Bình', NULL),
  (16, '2026-03-12', 'SO2603-0113', 1, 'KH019', 'VT016', 'WH_DN', 22, 22, 845000, 0.0, 'Completed', '2026-03-14', '2026-03-14', 'NV Dũng', NULL),
  (17, '2026-06-27', 'SO2606-0040', 2, 'KH005', 'VT027', 'WH_HCM', 22, 22, 1062000, 0.0, 'Completed', '2026-07-02', '2026-07-03', 'NV An', NULL),
  (18, '2026-05-28', 'SO2605-0098', 4, 'KH001', 'VT023', 'WH_DN', 25, 0, 2250000, 0.05, 'Cancelled', '2026-06-04', NULL, 'NV Bình', NULL),
  (19, '2026-05-05', 'SO2605-0057', 3, 'KH028', 'VT032', 'WH_HN', 25, 25, 1098000, 0.1, 'Completed', '2026-05-07', '2026-05-14', 'NV Dũng', NULL),
  (20, '2026-02-02', 'SO2602-0137', 1, 'KH026', 'VT002', 'WH_HN', 28, 28, 427000, 0.0, 'Completed', '2026-02-05', '2026-02-06', 'NV Chi', NULL),
  (21, '2026-02-24', 'SO2602-0117', 3, 'KH022', 'VT025', 'WH_DN', 27, 27, 2304000, 0.0, 'Completed', '2026-03-06', '2026-03-08', 'NV An', NULL),
  (22, '2026-03-31', 'SO2603-0058', 1, 'KH003', 'VT002', 'WH_DA', 13, 9, 427000, 0.0, 'Open', '2026-04-02', NULL, 'NV Bình', NULL),
  (23, '2026-05-02', 'SO2605-0030', 2, 'KH030', 'VT017', 'WH_DN', 11, 8, 225000, 0.0, 'Completed', '2026-05-04', '2026-05-04', 'NV An', NULL),
  (24, '2026-05-29', 'SO2605-0007', 3, 'KH037', 'VT025', 'WH_HCM', 13, 10, 2304000, 0.0, 'Completed', '2026-05-30', '2026-06-02', 'NV Chi', NULL),
  (25, '2026-06-25', 'SO2606-0031', 1, 'KH023', 'VT035', 'WH_HCM', 24, 24, 312000, 0.0, 'Completed', '2026-06-30', '2026-07-07', 'NV Dũng', NULL),
  (26, '2026-01-28', 'SO2601-0111', 3, 'KH030', 'VT010', 'WH_HCM', 12, 10, 1170000, 0.02, 'Open', '2026-02-04', NULL, 'NV Dũng', NULL),
  (27, '2026-04-30', 'SO2604-0112', 3, 'KH021', 'VT016', 'WH_HN', 18, 0, 845000, 0.0, 'Cancelled', '2026-05-05', NULL, 'NV Dũng', NULL),
  (28, '2026-03-28', 'SO2603-0008', 4, 'KH021', 'VT012', 'WH_HCM', 14, 14, 1215000, 0.02, 'Completed', '2026-04-04', '2026-04-07', 'NV Chi', NULL),
  (29, '2026-05-23', 'SO2605-0003', 2, 'KH006', 'VT016', 'WH_HCM', 32, 31, 845000, 0.05, 'Completed', '2026-06-02', '2026-06-05', 'NV Dũng', NULL),
  (30, '2026-04-25', 'SO2604-0005', 1, 'KH019', 'VT015', 'WH_HCM', 16, 16, 2124000, 0.05, 'Completed', '2026-05-02', '2026-05-04', 'NV Chi', NULL),
  (31, '2026-04-19', 'SO2604-0141', 3, 'KH023', 'VT030', 'WH_DN', 20, 19, 648000, 0.0, 'Completed', '2026-04-22', '2026-04-21', 'NV Bình', NULL),
  (32, '2026-02-19', 'SO2602-0056', 4, 'KH018', 'VT034', 'WH_DN', 7, 2, 234000, 0.0, 'Open', '2026-02-22', NULL, 'NV Bình', NULL),
  (33, '2026-03-19', 'SO2603-0004', 2, 'KH018', 'VT003', 'WH_HN', 19, 18, 212000, 0.05, 'Completed', '2026-03-20', '2026-03-27', 'NV An', NULL),
  (34, '2026-05-27', 'SO2605-0073', 4, 'KH031', 'VT029', 'WH_DN', -5, -5, 1125000, 0.05, 'Return', '2026-05-28', '2026-06-04', 'NV An', NULL),
  (35, '2026-04-13', 'SO2604-0126', 1, 'KH037', 'VT004', 'WH_DA', 10, 4, 234000, 0.0, 'Open', '2026-04-15', NULL, 'NV An', NULL),
  (36, '2026-05-23', 'SO2605-0107', 2, 'KH034', 'VT025', 'WH_HCM', 29, 29, 2304000, 0.02, 'Completed', '2026-05-30', '2026-06-01', 'NV An', NULL),
  (37, '2026-06-06', 'SO2606-0026', 2, 'KH014', 'VT017', 'WH_HN', 11, 11, 225000, 0.0, 'Completed', '2026-06-07', '2026-06-08', 'NV Dũng', NULL),
  (38, '2026-06-26', 'SO2606-0121', 3, 'KH003', 'VT015', 'WH_DN', 19, 14, 2124000, 0.0, 'Open', '2026-07-06', NULL, 'NV Bình', NULL),
  (39, '2026-03-09', 'SO2603-0051', 4, 'KH008', 'VT035', 'WH_DA', 10, 0, 312000, 0.0, 'Cancelled', '2026-03-10', NULL, 'NV An', NULL),
  (40, '2026-02-12', 'SO2602-0079', 3, 'KH029', 'VT008', 'WH_HCM', 20, 18, 2196000, 0.08, 'Completed', '2026-02-17', '2026-02-18', 'NV An', NULL),
  (41, '2026-06-03', 'SO2606-0011', 4, 'KH021', 'VT017', 'WH_HN', 6, 3, 225000, 0.08, 'Completed', '2026-06-04', '2026-06-11', 'NV Chi', NULL),
  (42, '2026-05-28', 'SO2605-0011', 2, 'KH031', 'VT034', 'WH_HCM', 18, 18, 234000, 0.1, 'Completed', '2026-06-02', '2026-06-01', 'NV Dũng', NULL),
  (43, '2026-03-31', 'SO2603-0105', 3, 'KH021', 'VT007', 'WH_DA', 22, 22, 448000, 0.1, 'Completed', '2026-04-05', '2026-04-12', 'NV An', NULL),
  (44, '2026-04-27', 'SO2604-0023', 3, 'KH017', 'VT021', 'WH_HN', 26, 0, 413000, 0.0, 'Cancelled', '2026-05-07', NULL, 'NV Dũng', NULL),
  (45, '2026-04-16', 'SO2604-0014', 2, 'KH034', 'VT024', 'WH_HCM', 29, 6, 1620000, 0.02, 'Open', '2026-04-23', NULL, 'NV Bình', NULL),
  (46, '2026-03-15', 'SO2603-0113', 4, 'KH008', 'VT002', 'WH_DA', 11, 10, 427000, 0.05, 'Completed', '2026-03-16', '2026-03-16', 'NV An', NULL),
  (47, '2026-04-29', 'SO2604-0031', 2, 'KH032', 'VT019', 'WH_DN', 27, 15, 1152000, 0.0, 'Open', '2026-05-04', NULL, 'NV Bình', NULL),
  (48, '2026-04-09', 'SO2604-0049', 2, 'KH005', 'VT018', 'WH_HCM', 22, 0, 648000, 0.08, 'Cancelled', '2026-04-12', NULL, 'NV An', NULL),
  (49, '2026-03-14', 'SO2603-0077', 4, 'KH010', 'VT029', 'WH_HCM', 23, 23, 1125000, 0.05, 'Completed', '2026-03-17', '2026-03-24', 'NV Bình', NULL),
  (50, '2026-06-28', 'SO2606-0062', 4, 'KH015', 'VT027', 'WH_HN', 21, 12, 1062000, 0.05, 'Open', '2026-07-08', NULL, 'NV Bình', NULL),
  (51, '2026-05-07', 'SO2605-0010', 2, 'KH033', 'VT022', 'WH_HN', 29, 29, 234000, 0.1, 'Completed', '2026-05-09', '2026-05-10', 'NV Bình', NULL),
  (52, '2026-01-20', 'SO2601-0121', 3, 'KH022', 'VT026', 'WH_HN', 22, 0, 146000, 0.08, 'Cancelled', '2026-01-25', NULL, 'NV Chi', NULL),
  (53, '2026-06-10', 'SO2606-0125', 1, 'KH040', 'VT005', 'WH_DA', -2, -2, 150000, 0.05, 'Return', '2026-06-11', '2026-06-18', 'NV An', NULL),
  (54, '2026-04-24', 'SO2604-0043', 3, 'KH999', 'VT003', 'WH_DN', 4, 4, 212000, 0.0, 'Completed', '2026-04-26', '2026-04-28', 'NV Dũng', 'Sai master customer'),
  (55, '2026-05-25', 'SO2605-0047', 2, 'KH012', 'VT006', 'WH_HCM', 16, 16, 2430000, 0.0, 'Completed', '2026-05-30', '2026-06-02', 'NV Chi', NULL),
  (56, '2026-04-28', 'SO2604-0066', 1, 'KH030', 'VT019', 'WH_DA', 5, 3, 1152000, 0.02, 'Completed', '2026-05-08', '2026-05-09', 'NV Chi', NULL),
  (57, '2026-04-27', 'SO2604-0078', 2, 'KH025', 'VT031', 'WH_HN', 16, 14, 2304000, 0.02, 'Completed', '2026-05-07', '2026-05-07', 'NV An', NULL),
  (58, '2026-06-18', 'SO2606-0102', 3, 'KH001', 'VT004', 'WH_HCM', 19, 7, 234000, 0.08, 'Open', '2026-06-21', NULL, 'NV Bình', NULL),
  (59, '2026-06-12', 'SO2606-0049', 3, 'KH009', 'VT007', 'WH_HN', 20, 1, 448000, 0.08, 'Open', '2026-06-15', NULL, 'NV Bình', NULL),
  (60, '2026-01-24', 'SO2601-0076', 3, 'KH027', 'VT012', 'WH_DA', 9, 5, 1215000, 0.08, 'Open', '2026-01-31', NULL, 'NV Chi', NULL),
  (61, '2026-02-12', 'SO2602-0066', 4, 'KH019', 'VT022', 'WH_HN', -3, -3, 234000, 0.0, 'Return', '2026-02-22', '2026-02-25', 'NV Dũng', NULL),
  (62, '2026-05-23', 'SO2605-0094', 1, 'KH026', 'VT001', 'WH_DN', 35, 33, 230000, 0.1, 'Completed', '2026-06-02', '2026-06-02', 'NV Dũng', NULL),
  (63, '2026-06-13', 'SO2606-0096', 1, 'KH015', 'VT031', 'WH_HN', 21, 0, 2304000, 0.0, 'Cancelled', '2026-06-23', NULL, 'NV An', NULL),
  (64, '2026-06-12', 'SO2606-0119', 3, 'KH027', 'VT008', 'WH_DA', 3, 0, 2196000, 0.02, 'Cancelled', '2026-06-17', NULL, 'NV An', NULL),
  (65, '2026-01-25', 'SO2601-0061', 2, 'KH025', 'VT030', 'WH_DN', 35, 32, 648000, 0.0, 'Completed', '2026-01-30', '2026-02-02', 'NV An', NULL),
  (66, '2026-05-06', 'SO2605-0105', 3, 'KH003', 'VT024', 'WH_DA', 29, 29, 1620000, 0.0, 'Completed', '2026-05-16', '2026-05-16', 'NV Chi', NULL),
  (67, '2026-01-16', 'SO2601-0102', 3, 'KH013', 'VT008', 'WH_HCM', 6, 3, 2196000, 0.08, 'Completed', '2026-01-17', '2026-01-16', 'NV Chi', NULL),
  (68, '2026-03-04', 'SO2603-0033', 2, 'KH005', 'VT036', 'WH_DA', 14, 3, 243000, 0.02, 'Open', '2026-03-06', NULL, 'NV An', NULL),
  (69, '2026-03-12', 'SO2603-0038', 2, 'KH035', 'VT017', 'WH_DA', 8, 8, 225000, 0.0, 'Completed', '2026-03-15', '2026-03-22', 'NV Bình', NULL),
  (70, '2026-05-31', 'SO2605-0083', 1, 'KH012', 'VT017', 'WH_HN', 9, 8, 225000, 0.0, 'Open', '2026-06-10', NULL, 'NV An', NULL),
  (71, '2026-05-02', 'SO2605-0115', 3, 'KH033', 'VT007', 'WH_HCM', 33, 33, 448000, 0.1, 'Completed', '2026-05-12', '2026-05-14', 'NV Chi', NULL),
  (72, '2026-04-28', 'SO2604-0008', 1, 'KH031', 'VT026', 'WH_HCM', 7, 7, 146000, 0.0, 'Completed', '2026-05-01', '2026-05-03', 'NV Bình', NULL),
  (73, '2026-01-17', 'SO2601-0033', 3, 'KH040', 'VT036', 'WH_DN', -9, -9, 243000, 0.02, 'Return', '2026-01-22', '2026-01-24', 'NV Dũng', NULL),
  (74, '2026-01-26', 'SO2601-0030', 2, 'KH028', 'VT029', 'WH_DA', 27, 27, 1125000, 0.05, 'Completed', '2026-02-05', '2026-02-04', 'NV Chi', NULL),
  (75, '2026-04-20', 'SO2604-0081', 3, 'KH024', 'VT010', 'WH_HCM', 5, 5, 1170000, 0.05, 'Completed', '2026-04-21', '2026-04-24', 'NV Chi', NULL),
  (76, '2026-02-03', 'SO2602-0143', 1, 'KH038', 'VT036', 'WH_DN', 8, 8, 243000, 0.1, 'Completed', '2026-02-04', '2026-02-04', 'NV Chi', NULL),
  (77, '2026-04-01', 'SO2604-0027', 2, 'KH010', 'VT999', 'WH_DA', 7, 7, 2304000, 0.0, 'Completed', '2026-04-04', '2026-04-06', 'NV Bình', 'Sai master item'),
  (78, '2026-04-20', 'SO2604-0144', 1, 'KH039', 'VT018', 'WH_HN', 12, 12, 648000, 0.02, 'Completed', '2026-04-21', '2026-04-21', 'NV Bình', NULL),
  (79, '2026-05-25', 'SO2605-0103', 1, 'KH010', 'VT002', 'WH_HN', 34, 34, 427000, 0.02, 'Completed', '2026-05-27', '2026-05-27', 'NV Chi', NULL),
  (80, '2026-03-25', 'SO2603-0022', 1, 'KH010', 'VT011', 'WH_HN', 6, 6, 437000, 0.05, 'Completed', '2026-04-01', '2026-04-02', 'NV Dũng', NULL),
  (81, '2026-03-11', 'SO2603-0056', 1, 'KH023', 'VT028', 'WH_HN', 19, 19, 845000, 0.08, 'Completed', '2026-03-21', '2026-03-21', 'NV An', NULL),
  (82, '2026-02-26', 'SO2602-0102', 1, 'KH001', 'VT014', 'WH_DN', 14, 12, 2196000, 0.02, 'Open', '2026-03-01', NULL, 'NV Chi', NULL),
  (83, '2026-01-31', 'SO2601-0002', 4, 'KH028', 'VT012', 'WH_DA', 25, 24, 1215000, 0.08, 'Completed', '2026-02-10', '2026-02-17', 'NV Chi', NULL),
  (84, '2026-01-19', 'SO2601-0102', 1, 'KH028', 'VT002', 'WH_HCM', 5, 0, 427000, 0.08, 'Cancelled', '2026-01-24', NULL, 'NV Dũng', NULL),
  (85, '2026-06-13', 'SO2606-0107', 3, 'KH008', 'VT026', 'WH_HN', 21, 21, 146000, 0.1, 'Completed', '2026-06-16', '2026-06-15', 'NV Dũng', NULL),
  (86, '2026-01-28', 'SO2601-0063', 4, 'KH038', 'VT026', 'WH_HN', 26, 0, 146000, 0.1, 'Cancelled', '2026-01-31', NULL, 'NV Bình', NULL),
  (87, '2026-03-27', 'SO2603-0044', 1, 'KH033', 'VT008', 'WH_DA', 23, 23, 2196000, 0.0, 'Completed', '2026-03-28', '2026-03-28', 'NV Chi', NULL),
  (88, '2026-02-20', 'SO2602-0045', 2, 'KH005', 'VT012', 'WH_HCM', 30, 24, 1215000, 0.08, 'Open', '2026-02-25', NULL, 'NV Chi', NULL),
  (89, '2026-06-10', 'SO2606-0081', 2, 'KH029', 'VT005', 'WH_HCM', 29, 27, 150000, 0.0, 'Completed', '2026-06-13', '2026-06-15', 'NV An', NULL),
  (90, '2026-03-21', 'SO2603-0119', 4, 'KH003', 'VT004', 'WH_DN', 19, 18, 234000, 0.08, 'Completed', '2026-03-28', '2026-03-29', 'NV Dũng', NULL),
  (91, '2026-05-29', 'SO2605-0142', 1, 'KH029', 'VT013', 'WH_DN', 31, 31, 614000, 0.0, 'Completed', '2026-06-01', '2026-06-04', 'NV An', NULL),
  (92, '2026-05-10', 'SO2605-0045', 1, 'KH016', 'VT029', 'WH_HCM', 34, 34, 1125000, 0.02, 'Completed', '2026-05-13', '2026-05-14', 'NV Dũng', NULL),
  (93, '2026-03-28', 'SO2603-0014', 3, 'KH005', 'VT022', 'WH_HN', 25, 22, 234000, 0.08, 'Completed', '2026-03-30', '2026-03-30', 'NV An', NULL),
  (94, '2026-05-30', 'SO2605-0037', 3, 'KH020', 'VT026', 'WH_DA', 6, 4, 146000, 0.02, 'Completed', '2026-06-01', '2026-06-04', 'NV An', NULL),
  (95, '2026-06-15', 'SO2606-0109', 3, 'KH002', 'VT024', 'WH_DN', -6, -6, 1620000, 0.05, 'Return', '2026-06-17', '2026-06-17', 'NV Bình', NULL),
  (96, '2026-02-09', 'SO2602-0020', 3, 'KH007', 'VT033', 'WH_HN', 22, 0, 413000, 0.08, 'Cancelled', '2026-02-11', NULL, 'NV Dũng', NULL),
  (97, '2026-02-09', 'SO2602-0042', 2, 'KH040', 'VT011', 'WH_OLD', 3, 0, 437000, 0.0, 'Completed', '2026-02-14', '2026-02-16', 'NV Chi', 'Kho không hoạt động'),
  (98, '2026-04-25', 'SO2604-0060', 2, 'KH020', 'VT031', 'WH_DA', 24, 24, 2304000, 0.05, 'Completed', '2026-04-28', '2026-05-05', 'NV Dũng', NULL),
  (99, '2026-05-09', 'SO2605-0136', 4, 'KH011', 'VT013', 'WH_DA', 17, 17, 614000, 0.08, 'Completed', '2026-05-10', '2026-05-13', 'NV An', NULL),
  (100, '2026-03-14', 'SO2603-0022', 2, 'KH018', 'VT029', 'WH_DA', 28, 28, 1125000, 0.02, 'Completed', '2026-03-15', '2026-03-16', 'NV An', NULL),
  (101, '2026-04-12', 'SO2604-0129', 3, 'KH016', 'VT025', 'WH_HN', 24, 24, 2304000, 0.1, 'Completed', '2026-04-22', '2026-04-22', 'NV Bình', NULL),
  (102, '2026-02-05', 'SO2602-0010', 3, 'KH031', 'VT009', 'WH_HCM', 29, 29, 566000, 0.02, 'Completed', '2026-02-07', '2026-02-14', 'NV Bình', NULL),
  (103, '2026-05-21', 'SO2605-0136', 4, 'KH008', 'VT019', 'WH_DA', 20, 20, 1152000, 0.1, 'Completed', '2026-05-28', '2026-05-29', 'NV An', NULL),
  (104, '2026-01-29', 'SO2601-0128', 1, 'KH033', 'VT016', 'WH_DA', 19, 19, 845000, 0.0, 'Completed', '2026-02-05', '2026-02-06', 'NV Bình', NULL),
  (105, '2026-06-20', 'SO2606-0022', 3, 'KH005', 'VT034', 'WH_HN', 25, 0, 234000, 0.0, 'Cancelled', '2026-06-30', NULL, 'NV Dũng', NULL),
  (106, '2026-04-06', 'SO2604-0065', 1, 'KH023', 'VT005', 'WH_DN', 16, 3, 150000, 0.08, 'Open', '2026-04-16', NULL, 'NV Chi', NULL),
  (107, '2026-02-04', 'SO2602-0012', 3, 'KH035', 'VT022', 'WH_DA', -8, -8, 234000, 0.1, 'Return', '2026-02-06', '2026-02-13', 'NV Bình', NULL),
  (108, '2026-01-17', 'SO2601-0118', 1, 'KH019', 'VT013', 'WH_HN', 13, 0, 614000, 0.02, 'Cancelled', '2026-01-20', NULL, 'NV Dũng', NULL),
  (109, '2026-05-20', 'SO2605-0122', 3, 'KH003', 'VT013', 'WH_DN', 23, 0, 614000, 0.0, 'Cancelled', '2026-05-30', NULL, 'NV Chi', NULL),
  (110, '2026-03-11', 'SO2603-0032', 3, 'KH028', 'VT026', 'WH_HCM', 25, 25, 146000, 0.1, 'Completed', '2026-03-16', '2026-03-16', 'NV Chi', NULL),
  (111, '2026-01-22', 'SO2601-0109', 1, 'KH028', 'VT012', 'WH_DN', 21, 19, 1215000, 0.02, 'Completed', '2026-01-25', '2026-01-26', 'NV Dũng', NULL),
  (112, '2026-02-12', 'SO2602-0114', 3, 'KH029', 'VT003', 'WH_DN', 28, 28, 212000, 0.1, 'Completed', '2026-02-22', '2026-02-23', 'NV Chi', NULL),
  (113, '2026-05-12', 'SO2605-0041', 1, 'KH010', 'VT029', 'WH_HN', 9, 9, 1125000, 0.02, 'Completed', '2026-05-17', '2026-05-19', 'NV An', NULL),
  (114, '2026-06-04', 'SO2606-0040', 4, 'KH024', 'VT024', 'WH_HCM', 5, 5, 1620000, 0.05, 'Completed', '2026-06-07', '2026-06-10', 'NV Chi', NULL),
  (115, '2026-03-05', 'SO2603-0030', 1, 'KH012', 'VT032', 'WH_HCM', 8, 6, 1098000, 0.05, 'Completed', '2026-03-07', '2026-03-09', 'NV Chi', NULL),
  (116, '2026-06-27', 'SO2606-0126', 2, 'KH008', 'VT009', 'WH_HN', 29, 29, 566000, 0.0, 'Completed', '2026-07-07', '2026-07-14', 'NV Chi', NULL),
  (117, '2026-06-20', 'SO2606-0089', 1, 'KH036', 'VT035', 'WH_DN', 20, 0, 312000, 0.1, 'Cancelled', '2026-06-30', NULL, 'NV Bình', NULL),
  (118, '2026-04-03', 'SO2604-0131', 2, 'KH008', 'VT013', 'WH_DA', 16, 0, 614000, 0.02, 'Open', '2026-04-10', NULL, 'NV Chi', NULL),
  (119, '2026-04-30', 'SO2604-0142', 2, 'KH040', 'VT006', 'WH_HN', 20, 17, 2430000, 0.05, 'Completed', '2026-05-07', '2026-05-08', 'NV Dũng', NULL),
  (120, '2026-05-28', 'SO2605-0019', 2, 'KH021', 'VT005', 'WH_HCM', 30, 30, 150000, 0.08, 'Completed', '2026-06-07', '2026-06-09', 'NV Bình', NULL),
  (121, '2026-02-03', 'SO2602-0111', 1, 'KH008', 'VT034', 'WH_DA', 20, 18, 234000, 0.0, 'Completed', '2026-02-06', '2026-02-08', 'NV Chi', NULL),
  (122, '2026-01-21', 'SO2601-0065', 2, 'KH036', 'VT018', 'WH_DA', 20, 19, 648000, 0.1, 'Completed', '2026-01-23', '2026-01-25', 'NV Bình', NULL),
  (123, '2026-02-13', 'SO2602-0087', 1, 'KH002', 'VT006', 'WH_HN', 17, 17, 2430000, 0.08, 'Completed', '2026-02-23', '2026-02-22', 'NV Dũng', NULL),
  (124, '2026-06-10', 'SO2606-0140', 3, 'KH020', 'VT031', 'WH_DA', 26, 25, 2304000, 0.0, 'Completed', '2026-06-12', '2026-06-13', 'NV Dũng', NULL),
  (125, '2026-05-04', 'SO2605-0119', 2, 'KH022', 'VT010', 'WH_DN', 21, 11, 1170000, 0.05, 'Open', '2026-05-06', NULL, 'NV Chi', NULL),
  (126, '2026-05-12', 'SO2605-0144', 1, 'KH021', 'VT016', 'WH_HCM', 8, 8, 845000, 0.0, 'Completed', '2026-05-13', '2026-05-13', 'NV Dũng', NULL),
  (127, '2026-06-07', 'SO2606-0108', 2, 'KH011', 'VT021', 'WH_DN', 13, 7, 413000, 0.08, 'Open', '2026-06-12', NULL, 'NV Dũng', NULL),
  (128, '2026-03-20', 'SO2603-0128', 1, 'KH006', 'VT026', 'WH_HCM', 16, 16, 146000, 0.0, 'Completed', '2026-03-23', '2026-03-24', 'NV Dũng', NULL),
  (129, '2026-03-15', 'SO2603-0138', 1, 'KH007', 'VT028', 'WH_DA', 17, 12, 845000, 0.02, 'Open', '2026-03-16', NULL, 'NV Dũng', NULL),
  (130, '2026-01-14', 'SO2601-0144', 2, 'KH024', 'VT036', 'WH_DN', 5, 3, 243000, 0.02, 'Completed', '2026-01-21', '2026-01-24', 'NV An', NULL),
  (131, '2026-02-02', 'SO2602-0025', 4, 'KH024', 'VT022', 'WH_DN', 10, 10, 234000, 0.08, 'Completed', '2026-02-03', '2026-02-02', 'NV An', NULL),
  (132, '2026-02-05', 'SO2602-0086', 4, 'KH034', 'VT030', 'WH_DA', 33, 33, 648000, 0.0, 'Completed', '2026-02-10', '2026-02-12', 'NV Chi', NULL),
  (133, '2026-06-01', 'SO2606-0087', 4, 'KH037', 'VT020', 'WH_HCM', 2, 2, 0, 0.05, 'Completed', '2026-06-08', '2026-06-08', 'NV An', 'Giá bán bằng 0'),
  (134, '2026-06-02', 'SO2606-0122', 3, 'KH038', 'VT015', 'WH_HN', 31, 28, 2124000, 0.08, 'Completed', '2026-06-07', '2026-06-07', 'NV Bình', NULL),
  (135, '2026-01-09', 'SO2601-0029', 2, 'KH002', 'VT029', 'WH_DN', 27, 27, 1125000, 0.05, 'Completed', '2026-01-16', '2026-01-23', 'NV Dũng', NULL),
  (136, '2026-01-16', 'SO2601-0036', 2, 'KH036', 'VT021', 'WH_HCM', 34, 34, 413000, 0.08, 'Completed', '2026-01-19', '2026-01-21', 'NV Chi', NULL),
  (137, '2026-06-23', 'SO2606-0068', 4, 'KH013', 'VT016', 'WH_DN', 20, 20, 845000, 0.1, 'Completed', '2026-06-25', '2026-06-28', 'NV Dũng', NULL),
  (138, '2026-03-23', 'SO2603-0123', 3, 'KH036', 'VT018', 'WH_DN', 8, 8, 648000, 0.05, 'Completed', '2026-03-26', '2026-04-02', 'NV Bình', NULL),
  (139, '2026-03-16', 'SO2603-0011', 3, 'KH006', 'VT023', 'WH_HCM', 17, 6, 2250000, 0.0, 'Open', '2026-03-23', NULL, 'NV Chi', NULL),
  (140, '2026-05-24', 'SO2605-0070', 2, 'KH007', 'VT016', 'WH_DA', 4, 4, 845000, 0.1, 'Completed', '2026-05-26', '2026-05-25', 'NV An', NULL),
  (141, '2026-04-16', 'SO2604-0085', 4, 'KH007', 'VT009', 'WH_HN', 11, 11, 566000, 0.1, 'Completed', '2026-04-18', '2026-04-25', 'NV Chi', NULL),
  (142, '2026-03-24', 'SO2603-0074', 1, 'KH006', 'VT015', 'WH_HN', 12, 12, 2124000, 0.05, 'Completed', '2026-03-29', '2026-03-29', 'NV Chi', NULL),
  (143, '2026-01-10', 'SO2601-0003', 3, 'KH037', 'VT007', 'WH_DN', 19, 16, 448000, 0.08, 'Completed', '2026-01-15', '2026-01-15', 'NV Dũng', NULL),
  (144, '2026-03-11', 'SO2603-0050', 1, 'KH022', 'VT011', 'WH_HCM', 17, 0, 437000, 0.1, 'Open', '2026-03-14', NULL, 'NV Chi', NULL),
  (145, '2026-05-26', 'SO2605-0050', 2, 'KH040', 'VT026', 'WH_HCM', 33, 31, 146000, 0.0, 'Completed', '2026-05-28', '2026-05-28', 'NV Dũng', NULL),
  (146, '2026-03-24', 'SO2603-0064', 1, 'KH017', 'VT025', 'WH_DA', 29, 10, 2304000, 0.02, 'Open', '2026-03-31', NULL, 'NV An', NULL),
  (147, '2026-03-08', 'SO2603-0093', 2, 'KH004', 'VT008', 'WH_HCM', 20, 17, 2196000, 0.1, 'Completed', '2026-03-11', '2026-03-14', 'NV An', NULL),
  (148, '2026-06-13', 'SO2606-0076', 3, 'KH040', 'VT015', 'WH_DA', 9, 7, 2124000, 0.08, 'Completed', '2026-06-16', '2026-06-17', 'NV Dũng', NULL),
  (149, '2026-05-18', 'SO2605-0056', 2, 'KH039', 'VT006', 'WH_HCM', 34, 4, 2430000, 0.08, 'Open', '2026-05-19', NULL, 'NV An', NULL),
  (150, '2026-05-21', 'SO2605-0130', 2, 'KH037', 'VT035', 'WH_DA', 11, 11, 312000, 0.0, 'Completed', '2026-05-31', '2026-05-31', 'NV Dũng', NULL),
  (151, '2026-01-24', 'SO2601-0131', 4, 'KH004', 'VT030', 'WH_DA', 33, 33, 648000, 0.08, 'Completed', '2026-01-29', '2026-02-01', 'NV Chi', NULL),
  (152, '2026-01-06', 'SO2601-0102', 3, 'KH001', 'VT014', 'WH_HN', 3, 3, 2196000, 0.08, 'Completed', '2026-01-07', '2026-01-06', 'NV Dũng', NULL),
  (153, '2026-01-09', 'SO2601-0074', 4, 'KH012', 'VT009', 'WH_HCM', -7, -7, 566000, 0.05, 'Return', '2026-01-14', '2026-01-15', 'NV An', NULL),
  (154, '2026-06-24', 'SO2606-0139', 2, 'KH023', 'VT008', 'WH_DA', 35, 34, 2196000, 0.0, 'Completed', '2026-06-25', '2026-07-02', 'NV An', NULL),
  (155, '2026-03-18', 'SO2603-0119', 4, 'KH999', 'VT025', 'WH_DA', 16, 16, 2304000, 0.0, 'Completed', '2026-03-28', '2026-04-04', 'NV An', 'Sai master customer'),
  (156, '2026-01-09', 'SO2601-0108', 1, 'KH016', 'VT014', 'WH_HN', 7, 5, 2196000, 0.1, 'Completed', '2026-01-19', '2026-01-26', 'NV An', NULL),
  (157, '2026-03-04', 'SO2603-0012', 4, 'KH029', 'VT015', 'WH_DA', 4, 4, 2124000, 0.1, 'Completed', '2026-03-11', '2026-03-11', 'NV Chi', NULL),
  (158, '2026-03-02', 'SO2603-0078', 2, 'KH034', 'VT015', 'WH_HCM', 20, 17, 2124000, 0.1, 'Completed', '2026-03-04', '2026-03-07', 'NV Dũng', NULL),
  (159, '2026-05-23', 'SO2605-0127', 1, 'KH023', 'VT025', 'WH_DN', 27, 27, 2304000, 0.0, 'Completed', '2026-05-30', '2026-05-31', 'NV Bình', NULL),
  (160, '2026-02-27', 'SO2602-0077', 2, 'KH030', 'VT004', 'WH_HCM', 27, 27, 234000, 0.0, 'Completed', '2026-03-02', '2026-03-02', 'NV Chi', NULL),
  (161, '2026-06-15', 'SO2606-0021', 4, 'KH024', 'VT006', 'WH_DA', 4, 1, 2430000, 0.08, 'Completed', '2026-06-16', '2026-06-23', 'NV An', NULL),
  (162, '2026-02-18', 'SO2602-0144', 2, 'KH031', 'VT014', 'WH_DN', -1, -1, 2196000, 0.0, 'Return', '2026-02-20', '2026-02-23', 'NV An', NULL),
  (163, '2026-05-03', 'SO2605-0063', 2, 'KH026', 'VT016', 'WH_DN', 19, 16, 845000, 0.02, 'Completed', '2026-05-06', '2026-05-06', 'NV Chi', NULL),
  (164, '2026-05-12', 'SO2605-0128', 4, 'KH007', 'VT031', 'WH_DN', 14, 14, 2304000, 0.08, 'Completed', '2026-05-14', '2026-05-17', 'NV Bình', NULL),
  (165, '2026-01-05', 'SO2601-0067', 4, 'KH019', 'VT010', 'WH_DA', 22, 22, 1170000, 0.05, 'Completed', '2026-01-12', '2026-01-15', 'NV Chi', NULL),
  (166, '2026-03-07', 'SO2603-0126', 4, 'KH030', 'VT011', 'WH_DN', 11, 11, 437000, 0.0, 'Completed', '2026-03-14', '2026-03-17', 'NV An', NULL),
  (167, '2026-05-15', 'SO2605-0009', 1, 'KH004', 'VT001', 'WH_HCM', 9, 3, 230000, 0.0, 'Open', '2026-05-25', NULL, 'NV Bình', NULL),
  (168, '2026-01-03', 'SO2601-0056', 4, 'KH024', 'VT004', 'WH_HCM', 32, 29, 234000, 0.05, 'Completed', '2026-01-04', '2026-01-03', 'NV Chi', NULL),
  (169, '2026-05-18', 'SO2605-0074', 1, 'KH033', 'VT028', 'WH_DA', 7, 0, 845000, 0.08, 'Cancelled', '2026-05-20', NULL, 'NV Bình', NULL),
  (170, '2026-02-19', 'SO2602-0135', 3, 'KH023', 'VT018', 'WH_HCM', 6, 6, 648000, 0.08, 'Completed', '2026-02-21', '2026-02-24', 'NV Bình', NULL),
  (171, '2026-03-18', 'SO2603-0021', 1, 'KH006', 'VT026', 'WH_HCM', 25, 24, 146000, 0.0, 'Completed', '2026-03-28', '2026-03-28', 'NV An', NULL),
  (172, '2026-05-08', 'SO2605-0112', 3, 'KH037', 'VT007', 'WH_HN', 15, 12, 448000, 0.05, 'Completed', '2026-05-11', '2026-05-10', 'NV An', NULL),
  (173, '2026-06-25', 'SO2606-0072', 1, 'KH012', 'VT021', 'WH_HN', 14, 14, 413000, 0.0, 'Completed', '2026-06-28', '2026-06-28', 'NV Bình', NULL),
  (174, '2026-05-26', 'SO2605-0100', 3, 'KH025', 'VT009', 'WH_HN', 33, 22, 566000, 0.0, 'Open', '2026-05-27', NULL, 'NV Dũng', NULL),
  (175, '2026-03-01', 'SO2603-0020', 3, 'KH039', 'VT026', 'WH_DN', 2, 2, 146000, 0.0, 'Completed', '2026-03-04', '2026-03-06', 'NV Dũng', NULL),
  (176, '2026-04-21', 'SO2604-0048', 4, 'KH006', 'VT019', 'WH_DA', 5, 5, 1152000, 0.1, 'Completed', '2026-05-01', '2026-05-01', 'NV Dũng', NULL),
  (177, '2026-03-23', 'SO2603-0093', 1, 'KH006', 'VT001', 'WH_DN', 29, 29, 230000, 0.0, 'Completed', '2026-03-24', '2026-03-24', 'NV Dũng', NULL),
  (178, '2026-04-25', 'SO2604-0143', 4, 'KH007', 'VT002', 'WH_HN', 23, 20, 427000, 0.02, 'Completed', '2026-04-30', '2026-04-29', 'NV Chi', NULL),
  (179, '2026-04-16', 'SO2604-0100', 1, 'KH036', 'VT999', 'WH_DA', 25, 25, 845000, 0.02, 'Completed', '2026-04-21', '2026-04-21', 'NV An', 'Sai master item'),
  (180, '2026-02-12', 'SO2602-0112', 3, 'KH027', 'VT020', 'WH_HCM', 5, 4, 793000, 0.1, 'Completed', '2026-02-17', '2026-02-19', 'NV Bình', NULL),
  (181, '2026-04-28', 'SO2604-0028', 2, 'KH020', 'VT001', 'WH_HCM', 22, 12, 230000, 0.02, 'Open', '2026-05-03', NULL, 'NV Chi', NULL),
  (182, '2026-04-21', 'SO2604-0035', 3, 'KH021', 'VT013', 'WH_HCM', 21, 21, 614000, 0.02, 'Completed', '2026-05-01', '2026-05-04', 'NV Dũng', NULL),
  (183, '2026-05-28', 'SO2605-0063', 3, 'KH025', 'VT018', 'WH_HCM', 24, 24, 648000, 0.08, 'Completed', '2026-06-04', '2026-06-04', 'NV An', NULL),
  (184, '2026-04-29', 'SO2604-0054', 4, 'KH019', 'VT005', 'WH_HCM', 32, 32, 150000, 0.02, 'Completed', '2026-05-09', '2026-05-09', 'NV Dũng', NULL),
  (185, '2026-04-07', 'SO2604-0019', 4, 'KH039', 'VT031', 'WH_HCM', 35, 35, 2304000, 0.08, 'Completed', '2026-04-08', '2026-04-15', 'NV Chi', NULL),
  (186, '2026-06-29', 'SO2606-0138', 1, 'KH007', 'VT016', 'WH_DN', 11, 10, 845000, 0.1, 'Completed', '2026-07-09', '2026-07-12', 'NV Dũng', NULL),
  (187, '2026-03-26', 'SO2603-0111', 1, 'KH001', 'VT007', 'WH_DN', 15, 12, 448000, 0.08, 'Completed', '2026-04-05', '2026-04-07', 'NV Bình', NULL),
  (188, '2026-04-25', 'SO2604-0096', 4, 'KH030', 'VT033', 'WH_DA', -8, -8, 413000, 0.0, 'Return', '2026-04-28', '2026-04-29', 'NV An', NULL),
  (189, '2026-01-30', 'SO2601-0037', 3, 'KH020', 'VT022', 'WH_HCM', 14, 14, 234000, 0.0, 'Completed', '2026-02-04', '2026-02-07', 'NV Dũng', NULL),
  (190, '2026-03-23', 'SO2603-0018', 3, 'KH003', 'VT008', 'WH_HN', 22, 22, 2196000, 0.1, 'Completed', '2026-03-25', '2026-03-27', 'NV Bình', NULL),
  (191, '2026-05-22', 'SO2605-0041', 3, 'KH036', 'VT028', 'WH_HCM', 15, 10, 845000, 0.0, 'Open', '2026-05-24', NULL, 'NV Dũng', NULL),
  (192, '2026-04-12', 'SO2604-0008', 2, 'KH029', 'VT028', 'WH_HCM', 1, 0, 845000, 0.0, 'Open', '2026-04-15', NULL, 'NV An', NULL),
  (193, '2026-05-28', 'SO2605-0027', 2, 'KH024', 'VT021', 'WH_DA', 30, 30, 413000, 0.08, 'Completed', '2026-06-07', '2026-06-07', 'NV Dũng', NULL),
  (194, '2026-06-06', 'SO2606-0101', 1, 'KH023', 'VT023', 'WH_HCM', 12, 11, 2250000, 0.02, 'Open', '2026-06-13', NULL, 'NV An', NULL),
  (195, '2026-06-22', 'SO2606-0035', 3, 'KH008', 'VT016', 'WH_DN', 8, 8, 845000, 0.08, 'Completed', '2026-06-27', '2026-06-28', 'NV Bình', NULL),
  (196, '2026-05-28', 'SO2605-0099', 4, 'KH012', 'VT032', 'WH_DA', 11, 11, 1098000, 0.02, 'Completed', '2026-06-02', '2026-06-04', 'NV An', NULL),
  (197, '2026-04-02', 'SO2604-0003', 4, 'KH009', 'VT013', 'WH_HCM', 33, 31, 614000, 0.05, 'Completed', '2026-04-07', '2026-04-10', 'NV Dũng', NULL),
  (198, '2026-05-06', 'SO2605-0043', 1, 'KH037', 'VT002', 'WH_DA', 19, 18, 427000, 0.02, 'Completed', '2026-05-08', '2026-05-15', 'NV Dũng', NULL),
  (199, '2026-05-25', 'SO2605-0127', 1, 'KH037', 'VT008', 'WH_DN', 35, 23, 2196000, 0.08, 'Open', '2026-05-26', NULL, 'NV Dũng', NULL),
  (200, '2026-05-20', 'SO2605-0056', 4, 'KH007', 'VT016', 'WH_DN', 3, 3, 845000, 0.05, 'Completed', '2026-05-21', '2026-05-28', 'NV Bình', NULL),
  (201, '2026-02-23', 'SO2602-0090', 4, 'KH011', 'VT009', 'WH_DA', 14, 9, 566000, 0.02, 'Open', '2026-03-02', NULL, 'NV Chi', NULL),
  (202, '2026-06-02', 'SO2606-0138', 2, 'KH021', 'VT019', 'WH_DN', -9, -9, 1152000, 0.1, 'Return', '2026-06-03', '2026-06-03', 'NV Dũng', NULL),
  (203, '2026-01-16', 'SO2601-0071', 2, 'KH009', 'VT016', 'WH_DA', 21, 12, 845000, 0.05, 'Open', '2026-01-18', NULL, 'NV Chi', NULL),
  (204, '2026-06-10', 'SO2606-0107', 4, 'KH029', 'VT005', 'WH_HN', 26, 24, 150000, 0.02, 'Completed', '2026-06-15', '2026-06-16', 'NV Chi', NULL),
  (205, '2026-05-29', 'SO2605-0001', 1, 'KH030', 'VT023', 'WH_HN', 35, 35, 2250000, 0.05, 'Completed', '2026-06-01', '2026-06-01', 'NV Chi', NULL),
  (206, '2026-03-28', 'SO2603-0141', 2, 'KH037', 'VT032', 'WH_DN', 4, 4, 1098000, 0.0, 'Completed', '2026-03-29', '2026-04-05', 'NV Bình', NULL),
  (207, '2026-04-23', 'SO2604-0117', 1, 'KH028', 'VT013', 'WH_DA', 20, 20, 614000, 0.1, 'Completed', '2026-04-26', '2026-04-26', 'NV An', NULL),
  (208, '2026-04-06', 'SO2604-0043', 1, 'KH026', 'VT020', 'WH_DA', 28, 28, 793000, 0.0, 'Completed', '2026-04-08', '2026-04-09', 'NV An', NULL),
  (209, '2026-02-03', 'SO2602-0058', 4, 'KH001', 'VT001', 'WH_DN', -7, -7, 230000, 0.1, 'Return', '2026-02-05', '2026-02-06', 'NV An', NULL),
  (210, '2026-02-28', 'SO2602-0099', 1, 'KH007', 'VT007', 'WH_DN', 24, 0, 448000, 0.0, 'Cancelled', '2026-03-05', NULL, 'NV Bình', NULL),
  (211, '2026-06-14', 'SO2606-0037', 1, 'KH034', 'VT001', 'WH_DA', 29, 28, 230000, 0.1, 'Completed', '2026-06-16', '2026-06-17', 'NV Dũng', NULL),
  (212, '2026-02-25', 'SO2602-0023', 1, 'KH009', 'VT008', 'WH_HCM', -6, -6, 2196000, 0.0, 'Return', '2026-02-27', '2026-02-27', 'NV An', NULL),
  (213, '2026-03-05', 'SO2603-0142', 3, 'KH002', 'VT020', 'WH_DA', 34, 33, 793000, 0.05, 'Completed', '2026-03-08', '2026-03-11', 'NV An', NULL),
  (214, '2026-03-03', 'SO2603-0127', 4, 'KH008', 'VT016', 'WH_HCM', 5, 5, 845000, 0.02, 'Completed', '2026-03-05', '2026-03-06', 'NV Dũng', NULL),
  (215, '2026-04-04', 'SO2604-0140', 2, 'KH031', 'VT005', 'WH_HN', 5, 5, 150000, 0.0, 'Completed', '2026-04-09', '2026-04-11', 'NV Chi', NULL),
  (216, '2026-06-10', 'SO2606-0129', 4, 'KH028', 'VT026', 'WH_HN', 35, 35, 146000, 0.0, 'Completed', '2026-06-13', '2026-06-12', 'NV Bình', NULL),
  (217, '2026-02-09', 'SO2602-0138', 3, 'KH026', 'VT005', 'WH_DN', 28, 27, 150000, 0.0, 'Open', '2026-02-10', NULL, 'NV Bình', NULL),
  (218, '2026-01-23', 'SO2601-0112', 1, 'KH030', 'VT004', 'WH_DN', 12, 12, 234000, 0.1, 'Completed', '2026-01-24', '2026-01-24', 'NV Dũng', NULL),
  (219, '2026-03-30', 'SO2603-0134', 3, 'KH011', 'VT024', 'WH_DA', 18, 3, 1620000, 0.0, 'Open', '2026-04-02', NULL, 'NV Dũng', NULL),
  (220, '2026-03-11', 'SO2603-0135', 1, 'KH017', 'VT005', 'WH_HCM', 30, 30, 150000, 0.08, 'Completed', '2026-03-13', '2026-03-13', 'NV Bình', NULL),
  (221, '2026-03-07', 'SO2603-0027', 1, 'KH999', 'VT033', 'WH_HN', 3, 0, 413000, 0.0, 'Cancelled', '2026-03-09', NULL, 'NV An', 'Sai master customer'),
  (222, '2026-05-01', 'SO2605-0094', 4, 'KH010', 'VT012', 'WH_HN', 27, 27, 1215000, 0.1, 'Completed', '2026-05-04', '2026-05-04', 'NV An', NULL),
  (223, '2026-05-27', 'SO2605-0096', 1, 'KH033', 'VT004', 'WH_DA', 15, 0, 234000, 0.05, 'Open', '2026-05-28', NULL, 'NV Dũng', NULL),
  (224, '2026-03-14', 'SO2603-0080', 3, 'KH006', 'VT036', 'WH_HCM', 1, 0, 243000, 0.02, 'Completed', '2026-03-24', '2026-03-26', 'NV Bình', NULL),
  (225, '2026-04-29', 'SO2604-0095', 4, 'KH013', 'VT035', 'WH_DA', 10, 10, 312000, 0.0, 'Completed', '2026-05-06', '2026-05-06', 'NV An', NULL),
  (226, '2026-03-27', 'SO2603-0001', 4, 'KH020', 'VT007', 'WH_DA', -7, -7, 448000, 0.05, 'Return', '2026-03-28', '2026-03-28', 'NV Chi', NULL),
  (227, '2026-01-24', 'SO2601-0012', 2, 'KH034', 'VT027', 'WH_DN', -2, -2, 1062000, 0.08, 'Return', '2026-01-25', '2026-01-27', 'NV Bình', NULL),
  (228, '2026-06-13', 'SO2606-0101', 1, 'KH038', 'VT004', 'WH_HCM', 9, 9, 234000, 0.05, 'Completed', '2026-06-23', '2026-06-30', 'NV Chi', NULL),
  (229, '2026-03-23', 'SO2603-0116', 3, 'KH015', 'VT005', 'WH_DA', 9, 1, 150000, 0.0, 'Open', '2026-03-24', NULL, 'NV Bình', NULL),
  (230, '2026-04-26', 'SO2604-0120', 3, 'KH027', 'VT008', 'WH_DN', 14, 14, 2196000, 0.0, 'Completed', '2026-04-27', '2026-04-27', 'NV Chi', NULL),
  (231, '2026-06-30', 'SO2606-0011', 2, 'KH021', 'VT010', 'WH_HN', -7, -7, 1170000, 0.08, 'Return', '2026-07-01', '2026-07-04', 'NV Chi', NULL),
  (232, '2026-03-08', 'SO2603-0045', 1, 'KH026', 'VT029', 'WH_DA', 7, 7, 1125000, 0.0, 'Completed', '2026-03-09', '2026-03-16', 'NV Bình', NULL),
  (233, '2026-02-03', 'SO2602-0051', 4, 'KH024', 'VT006', 'WH_DN', 5, 5, 2430000, 0.1, 'Completed', '2026-02-08', '2026-02-15', 'NV Bình', NULL),
  (234, '2026-01-24', 'SO2601-0085', 1, 'KH003', 'VT030', 'WH_HN', 11, 0, 648000, 0.05, 'Cancelled', '2026-02-03', NULL, 'NV Dũng', NULL),
  (235, '2026-05-08', 'SO2605-0008', 4, 'KH028', 'VT012', 'WH_DN', 14, 0, 1215000, 0.02, 'Cancelled', '2026-05-11', NULL, 'NV Dũng', NULL),
  (236, '2026-02-08', 'SO2602-0009', 2, 'KH019', 'VT032', 'WH_HCM', 31, 31, 1098000, 0.0, 'Completed', '2026-02-13', '2026-02-13', 'NV Bình', NULL),
  (237, '2026-06-11', 'SO2606-0140', 1, 'KH025', 'VT023', 'WH_HCM', 35, 22, 2250000, 0.08, 'Open', '2026-06-18', NULL, 'NV Chi', NULL),
  (238, '2026-04-10', 'SO2604-0070', 2, 'KH002', 'VT021', 'WH_DA', 2, 0, 413000, 0.02, 'Cancelled', '2026-04-11', NULL, 'NV Dũng', NULL),
  (239, '2026-05-16', 'SO2605-0092', 2, 'KH011', 'VT007', 'WH_DA', 16, 16, 448000, 0.0, 'Completed', '2026-05-23', '2026-05-30', 'NV Dũng', NULL),
  (240, '2026-04-01', 'SO2604-0045', 2, 'KH016', 'VT021', 'WH_DN', 2, 1, 413000, 0.08, 'Open', '2026-04-08', NULL, 'NV Bình', NULL),
  (241, '2026-05-25', 'SO2605-0049', 4, 'KH035', 'VT020', 'WH_DA', 32, 32, 793000, 0.08, 'Completed', '2026-05-27', '2026-05-26', 'NV Dũng', NULL),
  (242, '2026-01-01', 'SO2601-0085', 2, 'KH009', 'VT022', 'WH_DA', 21, 20, 234000, 0.1, 'Completed', '2026-01-03', '2026-01-10', 'NV An', NULL),
  (243, '2026-05-15', 'SO2605-0094', 1, 'KH024', 'VT026', 'WH_HN', 22, 22, 146000, 0.1, 'Completed', '2026-05-20', '2026-05-27', 'NV Dũng', NULL),
  (244, '2026-06-16', 'SO2606-0082', 2, 'KH036', 'VT023', 'WH_DA', 12, 9, 2250000, 0.02, 'Completed', '2026-06-18', '2026-06-18', 'NV An', NULL),
  (245, '2026-06-29', 'SO2606-0101', 1, 'KH012', 'VT021', 'WH_DA', 7, 0, 413000, 0.0, 'Cancelled', '2026-07-02', NULL, 'NV An', NULL),
  (246, '2026-03-02', 'SO2603-0089', 3, 'KH011', 'VT006', 'WH_DN', 29, 29, 2430000, 0.1, 'Completed', '2026-03-03', '2026-03-03', 'NV Chi', NULL),
  (247, '2026-01-28', 'SO2601-0001', 1, 'KH025', 'VT029', 'WH_HCM', 11, 0, 1125000, 0.05, 'Cancelled', '2026-02-02', NULL, 'NV Chi', NULL),
  (248, '2026-05-20', 'SO2605-0097', 1, 'KH031', 'VT015', 'WH_DA', 29, 29, 2124000, 0.0, 'Completed', '2026-05-23', '2026-05-23', 'NV An', NULL),
  (249, '2026-01-19', 'SO2601-0088', 2, 'KH025', 'VT011', 'WH_HN', 6, 6, 437000, 0.65, 'Completed', '2026-01-20', '2026-01-21', 'NV Bình', 'Chiết khấu bất thường'),
  (250, '2026-06-05', 'SO2606-0112', 2, 'KH004', 'VT007', 'WH_DN', -7, -7, 448000, 0.1, 'Return', '2026-06-12', '2026-06-15', 'NV Chi', NULL),
  (251, '2026-06-19', 'SO2606-0073', 3, 'KH016', 'VT007', 'WH_HN', 26, 26, 448000, 0.0, 'Completed', '2026-06-22', '2026-06-21', 'NV Dũng', NULL),
  (252, '2026-01-23', 'SO2601-0076', 4, 'KH013', 'VT007', 'WH_HN', 14, 14, 448000, 0.05, 'Completed', '2026-01-24', '2026-01-24', 'NV Dũng', NULL),
  (253, '2026-05-01', 'SO2605-0126', 3, 'KH006', 'VT035', 'WH_HCM', 12, 12, 312000, 0.0, 'Completed', '2026-05-06', '2026-05-05', 'NV Chi', NULL),
  (254, '2026-04-23', 'SO2604-0120', 3, 'KH015', 'VT018', 'WH_HN', 10, 1, 648000, 0.0, 'Open', '2026-05-03', NULL, 'NV Chi', NULL),
  (255, '2026-05-19', 'SO2605-0106', 2, 'KH036', 'VT004', 'WH_HCM', 34, 31, 234000, 0.05, 'Completed', '2026-05-26', '2026-05-26', 'NV Dũng', NULL),
  (256, '2026-03-18', 'SO2603-0021', 4, 'KH003', 'VT033', 'WH_DA', 8, 0, 413000, 0.05, 'Cancelled', '2026-03-20', NULL, 'NV Bình', NULL),
  (257, '2026-02-24', 'SO2602-0050', 2, 'KH003', 'VT028', 'WH_HN', 28, 28, 845000, 0.08, 'Completed', '2026-02-27', '2026-02-27', 'NV An', NULL),
  (258, '2026-01-23', 'SO2601-0100', 4, 'KH036', 'VT021', 'WH_DN', 34, 33, 413000, 0.08, 'Completed', '2026-01-30', '2026-02-01', 'NV Dũng', NULL),
  (259, '2026-01-29', 'SO2601-0107', 2, 'KH010', 'VT007', 'WH_HN', 7, 6, 448000, 0.08, 'Open', '2026-02-01', NULL, 'NV Dũng', NULL),
  (260, '2026-03-09', 'SO2603-0099', 4, 'KH037', 'VT031', 'WH_HN', 12, 11, 2304000, 0.08, 'Completed', '2026-03-19', '2026-03-22', 'NV Dũng', NULL),
  (261, '2026-01-10', 'SO2601-0102', 3, 'KH016', 'VT004', 'WH_HCM', 18, 0, 234000, 0.0, 'Cancelled', '2026-01-13', NULL, 'NV Chi', NULL),
  (262, '2026-03-21', 'SO2603-0072', 4, 'KH007', 'VT015', 'WH_DA', -8, -8, 2124000, 0.02, 'Return', '2026-03-24', '2026-03-27', 'NV Dũng', NULL),
  (263, '2026-06-04', 'SO2606-0023', 2, 'KH029', 'VT014', 'WH_HCM', 32, 23, 2196000, 0.0, 'Open', '2026-06-11', NULL, 'NV Bình', NULL),
  (264, '2026-01-17', 'SO2601-0080', 4, 'KH009', 'VT034', 'WH_HN', 12, 12, 234000, 0.0, 'Completed', '2026-01-18', '2026-01-19', 'NV An', NULL),
  (265, '2026-04-03', 'SO2604-0051', 3, 'KH024', 'VT030', 'WH_HCM', 8, 8, 648000, 0.05, 'Completed', '2026-04-10', '2026-04-11', 'NV Bình', NULL),
  (266, '2026-05-02', 'SO2605-0142', 3, 'KH023', 'VT011', 'WH_DN', 6, 6, 437000, 0.0, 'Completed', '2026-05-09', '2026-05-16', 'NV Bình', NULL),
  (267, '2026-02-26', 'SO2602-0058', 2, 'KH018', 'VT027', 'WH_HN', 1, 0, 1062000, 0.0, 'Completed', '2026-03-05', '2026-03-12', 'NV An', NULL),
  (268, '2026-02-27', 'SO2602-0065', 3, 'KH018', 'VT028', 'WH_HCM', 23, 23, 845000, 0.02, 'Completed', '2026-03-09', '2026-03-11', 'NV Dũng', NULL),
  (269, '2026-05-30', 'SO2605-0027', 1, 'KH033', 'VT024', 'WH_DN', 20, 20, 1620000, 0.02, 'Completed', '2026-06-02', '2026-06-05', 'NV Chi', NULL),
  (270, '2026-03-12', 'SO2603-0067', 3, 'KH013', 'VT010', 'WH_DA', 4, 3, 1170000, 0.1, 'Open', '2026-03-15', NULL, 'NV Bình', NULL),
  (271, '2026-01-07', 'SO2601-0128', 3, 'KH017', 'VT027', 'WH_HCM', 25, 18, 1062000, 0.1, 'Open', '2026-01-14', NULL, 'NV Bình', NULL),
  (272, '2026-03-29', 'SO2603-0057', 4, 'KH023', 'VT033', 'WH_DN', 11, 8, 413000, 0.0, 'Open', '2026-04-01', NULL, 'NV An', NULL),
  (273, '2026-05-01', 'SO2605-0033', 3, 'KH036', 'VT012', 'WH_DN', 6, 5, 1215000, 0.02, 'Completed', '2026-05-06', '2026-05-13', 'NV Chi', NULL),
  (274, '2026-04-06', 'SO2604-0067', 3, 'KH030', 'VT008', 'WH_HCM', 4, 0, 2196000, 0.08, 'Cancelled', '2026-04-13', NULL, 'NV An', NULL),
  (275, '2026-05-01', 'SO2605-0050', 1, 'KH025', 'VT034', 'WH_DN', 27, 27, 234000, 0.0, 'Completed', '2026-05-04', '2026-05-05', 'NV Dũng', NULL),
  (276, '2026-02-06', 'SO2602-0081', 2, 'KH006', 'VT032', 'WH_DN', 12, 12, 1098000, 0.05, 'Completed', '2026-02-09', '2026-02-09', 'NV Bình', NULL),
  (277, '2026-05-28', 'SO2605-0041', 4, 'KH006', 'VT009', 'WH_HCM', 28, 28, 566000, 0.0, 'Completed', '2026-05-29', '2026-05-31', 'NV Bình', NULL),
  (278, '2026-04-06', 'SO2604-0004', 3, 'KH034', 'VT013', 'WH_HN', 1, 1, 614000, 0.1, 'Completed', '2026-04-09', '2026-04-09', 'NV Bình', NULL),
  (279, '2026-01-27', 'SO2601-0099', 3, 'KH011', 'VT005', 'WH_HN', 20, 0, 150000, 0.05, 'Cancelled', '2026-02-06', NULL, 'NV Chi', NULL),
  (280, '2026-04-22', 'SO2604-0035', 3, 'KH032', 'VT023', 'WH_DA', 11, 0, 2250000, 0.05, 'Cancelled', '2026-04-23', NULL, 'NV Bình', NULL),
  (281, '2026-02-27', 'SO2602-0034', 2, 'KH002', 'VT033', 'WH_DA', 8, 8, 413000, 0.05, 'Completed', '2026-03-09', '2026-03-09', 'NV An', NULL),
  (282, '2026-06-02', 'SO2606-0013', 1, 'KH002', 'VT004', 'WH_HN', 27, 26, 234000, 0.02, 'Completed', '2026-06-07', '2026-06-10', 'NV Bình', NULL),
  (283, '2026-02-22', 'SO2602-0003', 3, 'KH027', 'VT007', 'WH_DN', 9, 8, 448000, 0.1, 'Completed', '2026-03-01', '2026-02-28', 'NV Chi', NULL),
  (284, '2026-01-30', 'SO2601-0028', 4, 'KH013', 'VT013', 'WH_DN', -6, -6, 614000, 0.1, 'Return', '2026-02-04', '2026-02-04', 'NV Bình', NULL),
  (285, '2026-01-11', 'SO2601-0141', 4, 'KH014', 'VT031', 'WH_DN', 16, 16, 2304000, 0.0, 'Completed', '2026-01-18', '2026-01-21', 'NV Dũng', NULL),
  (286, '2026-02-08', 'SO2602-0024', 1, 'KH007', 'VT017', 'WH_DA', -5, -5, 225000, 0.02, 'Return', '2026-02-13', '2026-02-12', 'NV An', NULL),
  (287, '2026-02-14', 'SO2602-0011', 3, 'KH024', 'VT021', 'WH_HCM', 8, 8, 413000, 0.0, 'Completed', '2026-02-24', '2026-02-27', 'NV Bình', NULL),
  (288, '2026-03-26', 'SO2603-0092', 4, 'KH040', 'VT018', 'WH_HN', 24, 5, 648000, 0.0, 'Open', '2026-03-31', NULL, 'NV Dũng', NULL),
  (289, '2026-04-27', 'SO2604-0070', 4, 'KH031', 'VT027', 'WH_DA', 8, 8, 1062000, 0.0, 'Completed', '2026-04-28', '2026-04-29', 'NV Dũng', NULL),
  (290, '2026-05-26', 'SO2605-0113', 2, 'KH040', 'VT025', 'WH_DN', 2, 0, 2304000, 0.1, 'Cancelled', '2026-05-28', NULL, 'NV Dũng', NULL),
  (291, '2026-05-05', 'SO2605-0029', 4, 'KH029', 'VT003', 'WH_HN', 17, 16, 212000, 0.1, 'Completed', '2026-05-12', '2026-05-19', 'NV Bình', NULL),
  (292, '2026-06-21', 'SO2606-0087', 1, 'KH028', 'VT016', 'WH_HCM', 23, 23, 845000, 0.0, 'Completed', '2026-06-28', '2026-06-30', 'NV An', NULL),
  (293, '2026-01-03', 'SO2601-0041', 4, 'KH032', 'VT011', 'WH_HN', 32, 32, 437000, 0.0, 'Completed', '2026-01-10', '2026-01-10', 'NV Dũng', NULL),
  (294, '2026-04-14', 'SO2604-0061', 1, 'KH030', 'VT029', 'WH_HCM', 6, 0, 1125000, 0.05, 'Cancelled', '2026-04-17', NULL, 'NV An', NULL),
  (295, '2026-05-08', 'SO2605-0005', 1, 'KH026', 'VT027', 'WH_HN', 1, 0, 1062000, 0.08, 'Open', '2026-05-15', NULL, 'NV Chi', NULL),
  (296, '2026-05-11', 'SO2605-0144', 2, 'KH030', 'VT022', 'WH_DN', 4, 3, 234000, 0.02, 'Open', '2026-05-18', NULL, 'NV Dũng', NULL),
  (297, '2026-06-18', 'SO2606-0094', 4, 'KH008', 'VT007', 'WH_DA', 1, 1, 448000, 0.08, 'Completed', '2026-06-25', '2026-06-25', 'NV An', NULL),
  (298, '2026-01-12', 'SO2601-0043', 4, 'KH009', 'VT027', 'WH_HN', 17, 17, 1062000, 0.05, 'Completed', '2026-01-14', '2026-01-15', 'NV Bình', NULL),
  (299, '2026-03-28', 'SO2603-0028', 4, 'KH003', 'VT008', 'WH_HCM', 30, 30, 2196000, 0.05, 'Completed', '2026-03-29', '2026-03-31', 'NV An', NULL),
  (300, '2026-05-22', 'SO2605-0111', 4, 'KH033', 'VT012', 'WH_DA', 9, 6, 1215000, 0.08, 'Completed', '2026-05-25', '2026-05-27', 'NV Dũng', NULL),
  (301, '2026-04-18', 'SO2604-0064', 3, 'KH026', 'VT022', 'WH_DN', 29, 4, 234000, 0.05, 'Open', '2026-04-25', NULL, 'NV Chi', NULL),
  (302, '2026-06-29', 'SO2606-0141', 3, 'KH036', 'VT014', 'WH_DA', 14, 12, 2196000, 0.02, 'Completed', '2026-07-09', '2026-07-09', 'NV Bình', NULL),
  (303, '2026-05-09', 'SO2605-0139', 3, 'KH008', 'VT023', 'WH_HCM', 27, 27, 2250000, 0.05, 'Completed', '2026-05-10', '2026-05-12', 'NV An', NULL),
  (304, '2026-01-07', 'SO2601-0098', 2, 'KH004', 'VT004', 'WH_DA', 18, 5, 234000, 0.02, 'Open', '2026-01-17', NULL, 'NV Chi', NULL),
  (305, '2026-02-07', 'SO2602-0016', 3, 'KH014', 'VT035', 'WH_HN', 23, 3, 312000, 0.08, 'Open', '2026-02-17', NULL, 'NV Bình', NULL),
  (306, '2026-06-15', 'SO2606-0144', 4, 'KH016', 'VT033', 'WH_DN', 4, 0, 413000, 0.05, 'Cancelled', '2026-06-20', NULL, 'NV Chi', NULL),
  (307, '2026-05-22', 'SO2605-0014', 1, 'KH017', 'VT013', 'WH_HCM', 15, 0, 614000, 0.1, 'Cancelled', '2026-06-01', NULL, 'NV Chi', NULL),
  (308, '2026-05-31', 'SO2605-0140', 2, 'KH013', 'VT019', 'WH_HCM', -2, -2, 1152000, 0.0, 'Return', '2026-06-02', '2026-06-05', 'NV An', NULL),
  (309, '2026-04-07', 'SO2604-0011', 4, 'KH018', 'VT036', 'WH_DN', 9, 9, 243000, 0.02, 'Completed', '2026-04-12', '2026-04-15', 'NV Bình', NULL),
  (310, '2026-01-11', 'SO2601-0040', 3, 'KH039', 'VT004', 'WH_DN', 32, 22, 234000, 0.0, 'Open', '2026-01-21', NULL, 'NV Chi', NULL),
  (311, '2026-05-15', 'SO2605-0057', 2, 'KH034', 'VT005', 'WH_DA', 27, 27, 150000, 0.02, 'Completed', '2026-05-17', '2026-05-17', 'NV Chi', NULL),
  (312, '2026-03-26', 'SO2603-0093', 3, 'KH014', 'VT034', 'WH_HCM', 1, 1, 234000, 0.0, 'Completed', '2026-04-05', '2026-04-07', 'NV Bình', NULL),
  (313, '2026-01-11', 'SO2601-0083', 4, 'KH008', 'VT025', 'WH_DN', 35, 1, 2304000, 0.08, 'Open', '2026-01-14', NULL, 'NV Dũng', NULL),
  (314, '2026-05-05', 'SO2605-0012', 3, 'KH013', 'VT021', 'WH_HN', 7, 4, 413000, 0.0, 'Completed', '2026-05-15', '2026-05-14', 'NV Bình', NULL),
  (315, '2026-06-21', 'SO2606-0055', 4, 'KH007', 'VT014', 'WH_HCM', 5, 1, 2196000, 0.0, 'Open', '2026-06-26', NULL, 'NV Chi', NULL),
  (316, '2026-01-10', 'SO2601-0023', 1, 'KH004', 'VT012', 'WH_DN', 5, 5, 1215000, 0.05, 'Completed', '2026-01-15', '2026-01-16', 'NV Dũng', NULL),
  (317, '2026-04-21', 'SO2604-0081', 1, 'KH025', 'VT008', 'WH_HN', 5, 4, 2196000, 0.0, 'Open', '2026-05-01', NULL, 'NV An', NULL),
  (318, '2026-04-02', 'SO2604-0129', 1, 'KH019', 'VT020', 'WH_HN', 19, 14, 793000, 0.05, 'Open', '2026-04-07', NULL, 'NV An', NULL),
  (319, '2026-05-02', 'SO2605-0041', 2, 'KH009', 'VT026', 'WH_DN', 10, 7, 146000, 0.02, 'Completed', '2026-05-03', '2026-05-05', 'NV Bình', NULL),
  (320, '2026-02-01', 'SO2602-0011', 1, 'KH037', 'VT026', 'WH_HN', 20, 17, 146000, 0.02, 'Completed', '2026-02-03', '2026-02-04', 'NV Bình', NULL),
  (321, '2026-02-11', 'SO2602-0048', 2, 'KH040', 'VT017', 'WH_DA', 8, 8, 225000, 0.08, 'Completed', '2026-02-16', '2026-02-19', 'NV An', NULL),
  (322, '2026-03-16', 'SO2603-0018', 3, 'KH007', 'VT013', 'WH_HCM', 22, 19, 614000, 0.0, 'Completed', '2026-03-17', '2026-03-17', 'NV An', NULL),
  (323, '2026-02-19', 'SO2602-0082', 4, 'KH029', 'VT022', 'WH_DN', 10, 10, 234000, 0.05, 'Completed', '2026-02-21', '2026-02-20', 'NV Chi', NULL),
  (324, '2026-03-05', 'SO2603-0057', 4, 'KH018', 'VT024', 'WH_DA', 22, 0, 1620000, 0.05, 'Cancelled', '2026-03-10', NULL, 'NV Chi', NULL),
  (325, '2026-03-20', 'SO2603-0125', 1, 'KH012', 'VT006', 'WH_DN', 9, 0, 2430000, 0.0, 'Cancelled', '2026-03-23', NULL, 'NV An', NULL),
  (326, '2026-01-20', 'SO2601-0005', 1, 'KH038', 'VT026', 'WH_DA', 3, 0, 146000, 0.05, 'Completed', '2026-01-30', '2026-02-06', 'NV Bình', NULL),
  (327, '2026-04-04', 'SO2604-0101', 2, 'KH038', 'VT019', 'WH_DA', 30, 30, 1152000, 0.02, 'Completed', '2026-04-11', '2026-04-10', 'NV Bình', NULL),
  (328, '2026-06-07', 'SO2606-0043', 2, 'KH029', 'VT011', 'WH_DA', 10, 7, 437000, 0.02, 'Open', '2026-06-08', NULL, 'NV Bình', NULL),
  (329, '2026-05-05', 'SO2605-0060', 1, 'KH017', 'VT024', 'WH_DA', 3, 3, 1620000, 0.05, 'Completed', '2026-05-10', '2026-05-11', 'NV An', NULL),
  (330, '2026-01-11', 'SO2601-0083', 1, 'KH034', 'VT018', 'WH_DN', 35, 33, 648000, 0.05, 'Completed', '2026-01-14', '2026-01-16', 'NV An', NULL),
  (331, '2026-05-13', 'SO2605-0065', 4, 'KH015', 'VT034', 'WH_HCM', 23, 11, 234000, 0.05, 'Open', '2026-05-18', NULL, 'NV An', NULL),
  (332, '2026-05-09', 'SO2605-0036', 4, 'KH011', 'VT015', 'WH_HN', 33, 33, 2124000, 0.0, 'Completed', '2026-05-11', '2026-05-11', 'NV An', NULL),
  (333, '2026-06-19', 'SO2606-0059', 4, 'KH022', 'VT008', 'WH_HCM', 31, 31, 2196000, 0.1, 'Completed', '2026-06-24', '2026-06-23', 'NV Bình', NULL),
  (334, '2026-01-12', 'SO2601-0033', 2, 'KH009', 'VT033', 'WH_HN', 10, 10, 413000, 0.08, 'Completed', '2026-01-17', '2026-01-19', 'NV An', NULL),
  (335, '2026-06-19', 'SO2606-0073', 1, 'KH014', 'VT029', 'WH_HCM', 31, 29, 1125000, 0.0, 'Completed', '2026-06-26', '2026-07-03', 'NV Bình', NULL),
  (336, '2026-06-09', 'SO2606-0131', 3, 'KH011', 'VT022', 'WH_HCM', 5, 5, 234000, 0.0, 'Completed', '2026-06-10', '2026-06-10', 'NV Dũng', NULL),
  (337, '2026-02-08', 'SO2602-0025', 2, 'KH031', 'VT003', 'WH_HN', 6, 5, 212000, 0.08, 'Completed', '2026-02-09', '2026-02-16', 'NV Dũng', NULL),
  (338, '2026-05-14', 'SO2605-0108', 3, 'KH003', 'VT034', 'WH_HCM', 15, 0, 234000, 0.05, 'Cancelled', '2026-05-19', NULL, 'NV Chi', NULL),
  (339, '2026-05-31', 'SO2605-0026', 4, 'KH009', 'VT017', 'WH_HCM', 15, 0, 225000, 0.0, 'Cancelled', '2026-06-03', NULL, 'NV Dũng', NULL),
  (340, '2026-03-07', 'SO2603-0049', 1, 'KH001', 'VT034', 'WH_HN', 34, 34, 234000, 0.1, 'Completed', '2026-03-10', '2026-03-11', 'NV Chi', NULL),
  (341, '2026-01-28', 'SO2601-0040', 4, 'KH038', 'VT017', 'WH_DN', 35, 33, 225000, 0.02, 'Completed', '2026-02-07', '2026-02-08', 'NV Bình', NULL),
  (342, '2026-04-16', 'SO2604-0142', 4, 'KH012', 'VT024', 'WH_HCM', -10, -10, 1620000, 0.02, 'Return', '2026-04-26', '2026-04-27', 'NV Bình', NULL),
  (343, '2026-06-18', 'SO2606-0031', 2, 'KH029', 'VT011', 'WH_HN', 14, 12, 437000, 0.08, 'Completed', '2026-06-28', '2026-07-01', 'NV An', NULL),
  (344, '2026-02-11', 'SO2602-0100', 1, 'KH006', 'VT010', 'WH_HCM', 28, 28, 1170000, 0.02, 'Completed', '2026-02-12', '2026-02-14', 'NV An', NULL),
  (345, '2026-04-09', 'SO2604-0103', 3, 'KH039', 'VT004', 'WH_DA', 32, 31, 234000, 0.08, 'Completed', '2026-04-12', '2026-04-12', 'NV An', NULL),
  (346, '2026-06-03', 'SO2606-0131', 2, 'KH040', 'VT011', 'WH_HN', 24, 24, 437000, 0.0, 'Completed', '2026-06-06', '2026-06-13', 'NV Dũng', NULL),
  (347, '2026-04-01', 'SO2604-0102', 4, 'KH038', 'VT013', 'WH_HN', 5, 0, 614000, 0.08, 'Cancelled', '2026-04-04', NULL, 'NV Chi', NULL),
  (348, '2026-03-30', 'SO2603-0071', 2, 'KH039', 'VT013', 'WH_HCM', 26, 26, 614000, 0.05, 'Completed', '2026-04-06', '2026-04-05', 'NV An', NULL),
  (349, '2026-05-09', 'SO2605-0076', 3, 'KH008', 'VT033', 'WH_DN', 35, 16, 413000, 0.1, 'Open', '2026-05-14', NULL, 'NV Dũng', NULL),
  (350, '2026-05-25', 'SO2605-0124', 2, 'KH022', 'VT030', 'WH_HCM', 2, 2, 648000, 0.05, 'Completed', '2026-06-04', '2026-06-11', 'NV Bình', NULL),
  (351, '2026-06-23', 'SO2606-0059', 3, 'KH027', 'VT023', 'WH_HN', 17, 17, 2250000, 0.1, 'Completed', '2026-07-03', '2026-07-10', 'NV Chi', NULL),
  (352, '2026-01-20', 'SO2601-0142', 2, 'KH031', 'VT021', 'WH_DN', 14, 0, 413000, 0.02, 'Cancelled', '2026-01-22', NULL, 'NV Bình', NULL),
  (353, '2026-05-08', 'SO2605-0052', 2, 'KH016', 'VT017', 'WH_DA', 15, 14, 225000, 0.02, 'Completed', '2026-05-10', '2026-05-17', 'NV An', NULL),
  (354, '2026-01-31', 'SO2601-0021', 4, 'KH040', 'VT001', 'WH_HN', 31, 31, 230000, 0.08, 'Completed', '2026-02-03', '2026-02-04', 'NV Bình', NULL),
  (355, '2026-05-11', 'SO2605-0072', 4, 'KH015', 'VT009', 'WH_HN', 34, 30, 566000, 0.08, 'Open', '2026-05-12', NULL, 'NV Chi', NULL),
  (356, '2026-04-11', 'SO2604-0045', 4, 'KH008', 'VT034', 'WH_HCM', 21, 20, 234000, 0.0, 'Completed', '2026-04-16', '2026-04-18', 'NV An', NULL),
  (357, '2026-03-25', 'SO2603-0093', 3, 'KH012', 'VT036', 'WH_DN', 16, 16, 243000, 0.02, 'Completed', '2026-03-27', '2026-03-28', 'NV Dũng', NULL),
  (358, '2026-02-23', 'SO2602-0108', 3, 'KH024', 'VT026', 'WH_DN', 29, 28, 146000, 0.1, 'Completed', '2026-02-25', '2026-03-04', 'NV An', NULL),
  (359, '2026-03-11', 'SO2603-0061', 4, 'KH025', 'VT013', 'WH_DA', 10, 10, 614000, 0.05, 'Completed', '2026-03-16', '2026-03-16', 'NV Chi', NULL),
  (360, '2026-05-05', 'SO2605-0077', 3, 'KH036', 'VT004', 'WH_HCM', 7, 7, 234000, 0.02, 'Completed', '2026-05-10', '2026-05-17', 'NV An', NULL),
  (361, '2026-04-26', 'SO2604-0086', 3, 'KH024', 'VT024', 'WH_DN', 23, 23, 1620000, 0.1, 'Completed', '2026-05-03', '2026-05-03', 'NV Bình', NULL),
  (362, '2026-03-14', 'SO2603-0091', 3, 'KH033', 'VT032', 'WH_HCM', 6, 6, 1098000, 0.1, 'Completed', '2026-03-16', '2026-03-23', 'NV Bình', NULL),
  (363, '2026-06-13', 'SO2606-0087', 4, 'KH040', 'VT026', 'WH_HN', 6, 6, 146000, 0.02, 'Completed', '2026-06-23', '2026-06-23', 'NV Chi', NULL),
  (364, '2026-06-04', 'SO2606-0102', 3, 'KH029', 'VT024', 'WH_HCM', 27, 27, 1620000, 0.1, 'Completed', '2026-06-06', '2026-06-09', 'NV Chi', NULL),
  (365, '2026-06-29', 'SO2606-0021', 2, 'KH011', 'VT026', 'WH_HN', 7, 5, 146000, 0.0, 'Completed', '2026-06-30', '2026-07-07', 'NV Dũng', NULL),
  (366, '2026-05-15', 'SO2605-0022', 1, 'KH017', 'VT010', 'WH_HN', 25, 24, 1170000, 0.02, 'Completed', '2026-05-20', '2026-05-23', 'NV Bình', NULL),
  (367, '2026-02-03', 'SO2602-0135', 2, 'KH002', 'VT003', 'WH_DN', 21, 0, 212000, 0.05, 'Cancelled', '2026-02-10', NULL, 'NV Chi', NULL),
  (368, '2026-05-21', 'SO2605-0114', 2, 'KH035', 'VT012', 'WH_HCM', 28, 25, 1215000, 0.02, 'Completed', '2026-05-24', '2026-05-25', 'NV Bình', NULL),
  (369, '2026-01-23', 'SO2601-0114', 3, 'KH024', 'VT027', 'WH_DN', 10, 9, 1062000, 0.0, 'Completed', '2026-01-26', '2026-01-26', 'NV Dũng', NULL),
  (370, '2026-05-17', 'SO2605-0003', 4, 'KH031', 'VT020', 'WH_HN', 28, 19, 793000, 0.0, 'Open', '2026-05-18', NULL, 'NV Chi', NULL),
  (371, '2026-02-18', 'SO2602-0106', 4, 'KH026', 'VT016', 'WH_DA', 25, 7, 845000, 0.02, 'Open', '2026-02-19', NULL, 'NV Dũng', NULL),
  (372, '2026-06-10', 'SO2606-0062', 3, 'KH019', 'VT035', 'WH_DN', 27, 27, 312000, 0.0, 'Completed', '2026-06-13', '2026-06-12', 'NV Dũng', NULL),
  (373, '2026-06-08', 'SO2606-0116', 3, 'KH040', 'VT032', 'WH_DA', 21, 20, 1098000, 0.0, 'Completed', '2026-06-10', '2026-06-09', 'NV Chi', NULL),
  (374, '2026-03-10', 'SO2603-0033', 4, 'KH001', 'VT015', 'WH_HN', 10, 10, 2124000, 0.05, 'Completed', '2026-03-13', '2026-03-20', 'NV Dũng', NULL),
  (375, '2026-04-06', 'SO2604-0119', 1, 'KH022', 'VT006', 'WH_DA', 4, 4, 2430000, 0.08, 'Completed', '2026-04-11', '2026-04-11', 'NV Bình', NULL),
  (376, '2026-03-06', 'SO2603-0098', 1, 'KH008', 'VT016', 'WH_HCM', 29, 29, 845000, 0.05, 'Completed', '2026-03-16', '2026-03-23', 'NV An', NULL),
  (377, '2026-05-14', 'SO2605-0054', 4, 'KH025', 'VT020', 'WH_DN', 11, 10, 793000, 0.08, 'Completed', '2026-05-21', '2026-05-20', 'NV Chi', NULL),
  (378, '2026-05-04', 'SO2605-0077', 2, 'KH024', 'VT004', 'WH_DA', 8, 8, 234000, 0.0, 'Completed', '2026-05-06', '2026-05-13', 'NV Chi', NULL),
  (379, '2026-05-30', 'SO2605-0031', 4, 'KH016', 'VT001', 'WH_HN', 31, 31, 230000, 0.0, 'Completed', '2026-06-01', '2026-06-01', 'NV Dũng', NULL),
  (380, '2026-01-24', 'SO2601-0087', 1, 'KH004', 'VT023', 'WH_DA', 35, 8, 2250000, 0.05, 'Open', '2026-01-26', NULL, 'NV Chi', NULL),
  (381, '2026-05-23', 'SO2605-0089', 4, 'KH013', 'VT002', 'WH_HCM', 23, 8, 427000, 0.0, 'Open', '2026-05-28', NULL, 'NV Dũng', NULL),
  (382, '2026-05-24', 'SO2605-0076', 4, 'KH013', 'VT012', 'WH_DN', 21, 8, 1215000, 0.08, 'Open', '2026-05-31', NULL, 'NV Bình', NULL),
  (383, '2026-01-18', 'SO2601-0136', 2, 'KH029', 'VT019', 'WH_DN', 35, 34, 1152000, 0.08, 'Completed', '2026-01-23', '2026-01-26', 'NV Bình', NULL),
  (384, '2026-01-05', 'SO2601-0094', 2, 'KH021', 'VT005', 'WH_HCM', 13, 11, 150000, 0.0, 'Completed', '2026-01-12', '2026-01-12', 'NV Chi', NULL),
  (385, '2026-04-15', 'SO2604-0083', 1, 'KH007', 'VT034', 'WH_HN', 3, 0, 234000, 0.0, 'Open', '2026-04-16', NULL, 'NV Bình', NULL),
  (386, '2026-01-28', 'SO2601-0125', 2, 'KH007', 'VT003', 'WH_HCM', 32, 29, 212000, 0.02, 'Completed', '2026-01-29', '2026-01-29', 'NV Bình', NULL),
  (387, '2026-06-05', 'SO2606-0019', 1, 'KH014', 'VT032', 'WH_HN', 30, 1, 1098000, 0.02, 'Open', '2026-06-12', NULL, 'NV Dũng', NULL),
  (388, '2026-04-05', 'SO2604-0015', 3, 'KH034', 'VT003', 'WH_HN', 20, 19, 212000, 0.0, 'Completed', '2026-04-06', '2026-04-09', 'NV Bình', NULL),
  (389, '2026-05-17', 'SO2605-0099', 2, 'KH013', 'VT034', 'WH_DA', 12, 12, 234000, 0.1, 'Completed', '2026-05-18', '2026-05-25', 'NV Chi', NULL),
  (390, '2026-06-22', 'SO2606-0118', 4, 'KH007', 'VT011', 'WH_DA', 26, 26, 437000, 0.08, 'Completed', '2026-06-29', '2026-06-30', 'NV Chi', NULL),
  (391, '2026-03-22', 'SO2603-0141', 3, 'KH024', 'VT027', 'WH_HCM', 21, 18, 1062000, 0.0, 'Completed', '2026-03-27', '2026-04-03', 'NV Chi', NULL),
  (392, '2026-04-03', 'SO2604-0116', 4, 'KH026', 'VT001', 'WH_HN', 19, 19, 230000, 0.02, 'Completed', '2026-04-04', '2026-04-04', 'NV Bình', NULL),
  (393, '2026-02-24', 'SO2602-0081', 1, 'KH018', 'VT036', 'WH_DA', 7, 7, 243000, 0.0, 'Completed', '2026-02-27', '2026-02-27', 'NV Bình', NULL),
  (394, '2026-03-01', 'SO2603-0066', 3, 'KH006', 'VT026', 'WH_DA', 5, 3, 146000, 0.0, 'Open', '2026-03-06', NULL, 'NV An', NULL),
  (395, '2026-06-02', 'SO2606-0077', 1, 'KH037', 'VT025', 'WH_HN', 4, 0, 2304000, 0.02, 'Cancelled', '2026-06-05', NULL, 'NV Dũng', NULL),
  (396, '2026-04-17', 'SO2604-0031', 2, 'KH039', 'VT001', 'WH_HCM', 4, 4, 230000, 0.08, 'Completed', '2026-04-24', '2026-04-24', 'NV Chi', NULL),
  (397, '2026-05-09', 'SO2605-0057', 2, 'KH004', 'VT026', 'WH_HCM', 33, 33, 146000, 0.05, 'Completed', '2026-05-11', '2026-05-11', 'NV Chi', NULL),
  (398, '2026-01-22', 'SO2601-0122', 1, 'KH036', 'VT026', 'WH_DN', 6, 4, 146000, 0.0, 'Completed', '2026-01-24', '2026-01-25', 'NV Bình', NULL),
  (399, '2026-05-05', 'SO2605-0102', 2, 'KH036', 'VT034', 'WH_DA', 16, 16, 234000, 0.1, 'Completed', '2026-05-12', '2026-05-11', 'NV An', NULL),
  (400, '2026-06-21', 'SO2606-0106', 4, 'KH024', 'VT023', 'WH_DA', 21, 21, 2250000, 0.02, 'Completed', '2026-06-23', '2026-06-23', 'NV Dũng', NULL),
  (401, '2026-06-09', 'SO2606-0038', 4, 'KH003', 'VT015', 'WH_DA', 24, 24, 2124000, 0.0, 'Completed', '2026-06-19', '2026-06-18', 'NV Bình', NULL),
  (402, '2026-06-08', 'SO2606-0038', 3, 'KH001', 'VT022', 'WH_HN', 20, 20, 234000, 0.0, 'Completed', '2026-06-18', '2026-06-20', 'NV Bình', NULL),
  (403, '2026-02-22', 'SO2602-0140', 3, 'KH036', 'VT031', 'WH_DA', 2, 0, 2304000, 0.0, 'Completed', '2026-02-25', '2026-02-25', 'NV An', NULL),
  (404, '2026-03-14', 'SO2603-0052', 3, 'KH004', 'VT030', 'WH_HN', 5, 3, 648000, 0.1, 'Completed', '2026-03-17', '2026-03-24', 'NV An', NULL),
  (405, '2026-01-05', 'SO2601-0075', 4, 'KH015', 'VT025', 'WH_HN', 21, 18, 2304000, 0.0, 'Completed', '2026-01-07', '2026-01-07', 'NV Dũng', NULL),
  (406, '2026-05-24', 'SO2605-0006', 1, 'KH016', 'VT034', 'WH_DN', 22, 22, 234000, 0.0, 'Completed', '2026-05-27', '2026-05-30', 'NV Chi', NULL),
  (407, '2026-04-01', 'SO2604-0078', 2, 'KH033', 'VT018', 'WH_HN', 17, 0, 648000, 0.0, 'Cancelled', '2026-04-08', NULL, 'NV Chi', NULL),
  (408, '2026-02-27', 'SO2602-0039', 3, 'KH026', 'VT009', 'WH_HN', 25, 22, 566000, 0.1, 'Completed', '2026-03-09', '2026-03-09', 'NV Dũng', NULL),
  (409, '2026-03-03', 'SO2603-0040', 4, 'KH020', 'VT022', 'WH_HCM', 35, 35, 234000, 0.08, 'Completed', '2026-03-10', '2026-03-13', 'NV Bình', NULL),
  (410, '2026-02-05', 'SO2602-0080', 2, 'KH028', 'VT010', 'WH_DA', 21, 18, 1170000, 0.0, 'Completed', '2026-02-07', '2026-02-07', 'NV Bình', NULL),
  (411, '2026-01-08', 'SO2601-0082', 4, 'KH027', 'VT020', 'WH_HCM', 18, 18, 793000, 0.0, 'Completed', '2026-01-10', '2026-01-09', 'NV Chi', NULL),
  (412, '2026-06-05', 'SO2606-0060', 2, 'KH015', 'VT002', 'WH_DN', 6, 6, 427000, 0.08, 'Completed', '2026-06-12', '2026-06-13', 'NV Chi', NULL),
  (413, '2026-02-17', 'SO2602-0100', 4, 'KH031', 'VT009', 'WH_DA', 13, 13, 566000, 0.02, 'Completed', '2026-02-22', '2026-02-22', 'NV Bình', NULL),
  (414, '2026-02-22', 'SO2602-0017', 2, 'KH029', 'VT032', 'WH_DN', 30, 0, 1098000, 0.05, 'Cancelled', '2026-02-27', NULL, 'NV An', NULL),
  (415, '2026-06-05', 'SO2606-0098', 3, 'KH026', 'VT035', 'WH_HN', 34, 34, 312000, 0.0, 'Completed', '2026-06-12', '2026-06-14', 'NV Dũng', NULL),
  (416, '2026-01-11', 'SO2601-0143', 4, 'KH034', 'VT004', 'WH_DA', 19, 19, 234000, 0.05, 'Completed', '2026-01-13', '2026-01-14', 'NV Chi', NULL),
  (417, '2026-06-06', 'SO2606-0014', 2, 'KH030', 'VT029', 'WH_HN', 33, 30, 1125000, 0.08, 'Completed', '2026-06-08', '2026-06-09', 'NV Dũng', NULL),
  (418, '2026-03-24', 'SO2603-0116', 1, 'KH012', 'VT030', 'WH_DA', 30, 28, 648000, 0.1, 'Completed', '2026-04-03', '2026-04-10', 'NV Bình', NULL),
  (419, '2026-02-01', 'SO2602-0024', 1, 'KH029', 'VT024', 'WH_HN', 34, 32, 1620000, 0.08, 'Open', '2026-02-03', NULL, 'NV Dũng', NULL),
  (420, '2026-05-21', 'SO2605-0098', 1, 'KH011', 'VT022', 'WH_DA', 11, 0, 234000, 0.0, 'Cancelled', '2026-05-31', NULL, 'NV An', NULL),
  (421, '2026-04-18', 'SO2604-0079', 3, 'KH029', 'VT019', 'WH_DA', 8, 0, 1152000, 0.0, 'Cancelled', '2026-04-19', NULL, 'NV Chi', NULL),
  (422, '2026-01-04', 'SO2601-0118', 4, 'KH032', 'VT035', 'WH_HN', 32, 29, 312000, 0.05, 'Completed', '2026-01-09', '2026-01-10', 'NV Dũng', NULL),
  (423, '2026-01-21', 'SO2601-0002', 2, 'KH036', 'VT018', 'WH_DA', 4, 3, 648000, 0.02, 'Completed', '2026-01-22', '2026-01-22', 'NV An', NULL),
  (424, '2026-06-20', 'SO2606-0077', 3, 'KH006', 'VT004', 'WH_HN', -3, -3, 234000, 0.1, 'Return', '2026-06-23', '2026-06-25', 'NV Bình', NULL),
  (425, '2026-04-27', 'SO2604-0093', 1, 'KH006', 'VT020', 'WH_DN', 24, 0, 793000, 0.0, 'Cancelled', '2026-05-02', NULL, 'NV An', NULL),
  (426, '2026-03-16', 'SO2603-0121', 2, 'KH008', 'VT018', 'WH_DN', 34, 33, 648000, 0.0, 'Completed', '2026-03-23', '2026-03-22', 'NV An', NULL),
  (427, '2026-05-27', 'SO2605-0136', 1, 'KH031', 'VT019', 'WH_HCM', 21, 18, 1152000, 0.02, 'Completed', '2026-05-29', '2026-05-31', 'NV Dũng', NULL),
  (428, '2026-05-14', 'SO2605-0128', 4, 'KH012', 'VT015', 'WH_DN', 13, 13, 2124000, 0.1, 'Completed', '2026-05-15', '2026-05-18', 'NV Bình', NULL),
  (429, '2026-06-07', 'SO2606-0107', 4, 'KH003', 'VT022', 'WH_DN', 14, 13, 234000, 0.02, 'Completed', '2026-06-10', '2026-06-17', 'NV An', NULL),
  (430, '2026-03-20', 'SO2603-0077', 3, 'KH001', 'VT008', 'WH_DN', 22, 19, 2196000, 0.0, 'Completed', '2026-03-22', '2026-03-22', 'NV Chi', NULL),
  (431, '2026-03-28', 'SO2603-0123', 4, 'KH003', 'VT009', 'WH_HCM', 10, 10, 566000, 0.05, 'Completed', '2026-04-02', '2026-04-05', 'NV An', NULL),
  (432, '2026-05-14', 'SO2605-0077', 3, 'KH036', 'VT035', 'WH_HN', 14, 14, 312000, 0.0, 'Completed', '2026-05-16', '2026-05-16', 'NV An', NULL),
  (433, '2026-03-28', 'SO2603-0097', 2, 'KH037', 'VT025', 'WH_DA', 8, 0, 2304000, 0.02, 'Cancelled', '2026-04-07', NULL, 'NV Chi', NULL),
  (434, '2026-01-09', 'SO2601-0070', 4, 'KH006', 'VT032', 'WH_DA', 24, 24, 1098000, 0.08, 'Completed', '2026-01-12', '2026-01-12', 'NV An', NULL),
  (435, '2026-04-06', 'SO2604-0010', 2, 'KH006', 'VT029', 'WH_HN', 31, 0, 1125000, 0.0, 'Cancelled', '2026-04-08', NULL, 'NV Chi', NULL),
  (436, '2026-05-04', 'SO2605-0135', 3, 'KH021', 'VT010', 'WH_HN', 34, 34, 1170000, 0.1, 'Completed', '2026-05-05', '2026-05-06', 'NV Dũng', NULL),
  (437, '2026-05-14', 'SO2605-0030', 1, 'KH020', 'VT003', 'WH_HN', 22, 22, 212000, 0.08, 'Completed', '2026-05-24', '2026-05-27', 'NV Chi', NULL),
  (438, '2026-01-06', 'SO2601-0080', 2, 'KH021', 'VT013', 'WH_DA', 19, 19, 614000, 0.1, 'Completed', '2026-01-07', '2026-01-07', 'NV Bình', NULL),
  (439, '2026-02-10', 'SO2602-0071', 1, 'KH001', 'VT036', 'WH_HN', 14, 14, 243000, 0.02, 'Completed', '2026-02-12', '2026-02-15', 'NV Chi', NULL),
  (440, '2026-05-27', 'SO2605-0063', 2, 'KH005', 'VT020', 'WH_DN', 35, 35, 793000, 0.05, 'Completed', '2026-06-06', '2026-06-05', 'NV An', NULL),
  (441, '2026-04-09', 'SO2604-0014', 1, 'KH028', 'VT026', 'WH_DA', 29, 29, 146000, 0.0, 'Completed', '2026-04-19', '2026-04-26', 'NV An', NULL),
  (442, '2026-04-30', 'SO2604-0034', 1, 'KH030', 'VT007', 'WH_HCM', 20, 20, 448000, 0.05, 'Completed', '2026-05-02', '2026-05-02', 'NV Bình', NULL),
  (443, '2026-06-07', 'SO2606-0067', 3, 'KH026', 'VT012', 'WH_DN', 21, 21, 1215000, 0.05, 'Completed', '2026-06-08', '2026-06-08', 'NV Dũng', NULL),
  (444, '2026-04-29', 'SO2604-0044', 3, 'KH023', 'VT009', 'WH_HN', 26, 25, 566000, 0.0, 'Open', '2026-05-02', NULL, 'NV An', NULL),
  (445, '2026-03-19', 'SO2603-0137', 4, 'KH026', 'VT027', 'WH_DA', 16, 16, 1062000, 0.0, 'Completed', '2026-03-22', '2026-03-22', 'NV Dũng', NULL),
  (446, '2026-04-22', 'SO2604-0088', 2, 'KH012', 'VT005', 'WH_HCM', 8, 8, 150000, 0.08, 'Completed', '2026-04-23', '2026-04-30', 'NV Dũng', NULL),
  (447, '2026-02-15', 'SO2602-0079', 4, 'KH005', 'VT007', 'WH_HCM', 21, 21, 448000, 0.0, 'Completed', '2026-02-17', '2026-02-24', 'NV Bình', NULL),
  (448, '2026-05-29', 'SO2605-0001', 2, 'KH010', 'VT029', 'WH_DN', 25, 25, 1125000, 0.0, 'Completed', '2026-06-08', '2026-06-08', 'NV Chi', NULL),
  (449, '2026-05-26', 'SO2605-0078', 4, 'KH023', 'VT006', 'WH_HN', 33, 33, 2430000, 0.0, 'Completed', '2026-05-29', '2026-05-31', 'NV An', NULL),
  (450, '2026-02-02', 'SO2602-0137', 1, 'KH026', 'VT002', 'WH_HN', 28, 28, 427000, 0.0, 'Completed', '2026-02-05', '2026-02-06', 'NV Chi', 'Dòng bị trùng khóa OrderNo+LineNo'),
  (451, '2026-05-17', 'SO2605-9999', 1, 'KH005', 'VT005', 'WH_HCM', 900, 900, 150000, 0.0, 'Completed', '2026-05-20', '2026-05-21', 'NV An', 'Outlier số lượng lớn cần nhận diện');

-- raw.fact_inventory_eom  (865 dòng)
truncate raw.fact_inventory_eom;
insert into raw.fact_inventory_eom (month_end, item_code, warehouse_code, on_hand_qty, inventory_value, safety_stock, last_receipt_serial, stock_status_note) values
  ('2026-01-31', 'VT001', 'WH_HN', 0, 0, 30, 46020, NULL),
  ('2026-01-31', 'VT001', 'WH_DA', 110, 19800000, 10, 45988, NULL),
  ('2026-01-31', 'VT001', 'WH_DN', 75, 13500000, 50, 45888, NULL),
  ('2026-01-31', 'VT001', 'WH_HCM', 48, 8640000, 50, 45951, NULL),
  ('2026-01-31', 'VT002', 'WH_HN', 27, 9450000, 20, 45927, NULL),
  ('2026-01-31', 'VT002', 'WH_DA', 71, 24850000, 50, 45833, NULL),
  ('2026-01-31', 'VT002', 'WH_DN', 107, 37450000, 50, 46009, NULL),
  ('2026-01-31', 'VT002', 'WH_HCM', -1, -350000, 20, 46014, 'Tồn âm cần kiểm tra'),
  ('2026-01-31', 'VT003', 'WH_HN', 18, 3240000, 50, 45880, NULL),
  ('2026-01-31', 'VT003', 'WH_DA', 17, 3060000, 10, 46013, NULL),
  ('2026-01-31', 'VT003', 'WH_DN', 53, 9540000, 50, 45820, NULL),
  ('2026-01-31', 'VT003', 'WH_HCM', 77, 13860000, 50, 45889, NULL),
  ('2026-01-31', 'VT004', 'WH_HN', 65, 11700000, 50, 45907, NULL),
  ('2026-01-31', 'VT004', 'WH_DA', 49, 8820000, 30, 45991, NULL),
  ('2026-01-31', 'VT004', 'WH_DN', 77, 13860000, 10, 45901, NULL),
  ('2026-01-31', 'VT004', 'WH_HCM', 93, 16740000, 20, 45866, NULL),
  ('2026-01-31', 'VT005', 'WH_HN', 52, 6240000, 30, 46040, NULL),
  ('2026-01-31', 'VT005', 'WH_DA', 72, 8640000, 50, 45868, NULL),
  ('2026-01-31', 'VT005', 'WH_DN', 74, 8880000, 50, 45872, NULL),
  ('2026-01-31', 'VT005', 'WH_HCM', 93, 11160000, 30, 45929, NULL),
  ('2026-01-31', 'VT006', 'WH_HN', 66, 118800000, 10, 45986, NULL),
  ('2026-01-31', 'VT006', 'WH_DA', 94, 169200000, 10, 45873, NULL),
  ('2026-01-31', 'VT006', 'WH_DN', 102, 183600000, 30, 45892, NULL),
  ('2026-01-31', 'VT006', 'WH_HCM', 43, 77400000, 10, 45928, NULL),
  ('2026-01-31', 'VT007', 'WH_HN', 200, 70000000, 30, 45941, NULL),
  ('2026-01-31', 'VT007', 'WH_DA', 155, 54250000, 30, 46006, NULL),
  ('2026-01-31', 'VT007', 'WH_DN', 157, 54950000, 30, 46033, NULL),
  ('2026-01-31', 'VT007', 'WH_HCM', 123, 43050000, 10, 45880, NULL),
  ('2026-01-31', 'VT008', 'WH_HN', 103, 185400000, 10, 45975, NULL),
  ('2026-01-31', 'VT008', 'WH_DA', 16, 28800000, 10, 45831, NULL),
  ('2026-01-31', 'VT008', 'WH_DN', 32, 57600000, 20, 45891, NULL),
  ('2026-01-31', 'VT008', 'WH_HCM', 109, 196200000, 30, 46045, NULL),
  ('2026-01-31', 'VT009', 'WH_HN', 77, 36960000, 20, 45816, NULL),
  ('2026-01-31', 'VT009', 'WH_DA', 19, 9120000, 50, 45954, NULL),
  ('2026-01-31', 'VT009', 'WH_DN', 33, 15840000, 20, 45924, NULL),
  ('2026-01-31', 'VT009', 'WH_HCM', 67, 32160000, 10, 45961, NULL),
  ('2026-01-31', 'VT010', 'WH_HN', 18, 16200000, 20, 45834, NULL),
  ('2026-01-31', 'VT010', 'WH_DA', 52, 46800000, 50, 45988, NULL),
  ('2026-01-31', 'VT010', 'WH_DN', 92, 82800000, 20, 45995, NULL),
  ('2026-01-31', 'VT010', 'WH_HCM', 107, 96300000, 30, 46035, NULL),
  ('2026-01-31', 'VT011', 'WH_HN', 96, 33600000, 10, 46035, NULL),
  ('2026-01-31', 'VT011', 'WH_DA', 51, 17850000, 50, 45971, NULL),
  ('2026-01-31', 'VT011', 'WH_DN', 96, 33600000, 20, 45951, NULL),
  ('2026-01-31', 'VT011', 'WH_HCM', 49, 17150000, 50, 45981, NULL),
  ('2026-01-31', 'VT012', 'WH_HN', 111, 99900000, 50, 46045, NULL),
  ('2026-01-31', 'VT012', 'WH_DA', 102, 91800000, 50, 45951, NULL),
  ('2026-01-31', 'VT012', 'WH_DN', 67, 60300000, 10, 46024, NULL),
  ('2026-01-31', 'VT012', 'WH_HCM', 81, 72900000, 30, 45832, NULL),
  ('2026-01-31', 'VT013', 'WH_HN', 117, 56160000, 30, 45963, NULL),
  ('2026-01-31', 'VT013', 'WH_DA', 102, 48960000, 10, 45983, NULL),
  ('2026-01-31', 'VT013', 'WH_DN', 50, 24000000, 50, 45851, NULL),
  ('2026-01-31', 'VT013', 'WH_HCM', 30, 14400000, 20, 45915, NULL),
  ('2026-01-31', 'VT014', 'WH_HN', 88, 158400000, 20, 45968, NULL),
  ('2026-01-31', 'VT014', 'WH_DA', 86, 154800000, 10, 45836, NULL),
  ('2026-01-31', 'VT014', 'WH_DN', 52, 93600000, 10, 45914, NULL),
  ('2026-01-31', 'VT014', 'WH_HCM', 57, 102600000, 30, 45992, NULL),
  ('2026-01-31', 'VT015', 'WH_HN', 32, 57600000, 20, 46040, NULL),
  ('2026-01-31', 'VT015', 'WH_DA', 11, 19800000, 10, 45896, NULL),
  ('2026-01-31', 'VT015', 'WH_DN', 106, 190800000, 20, 45895, NULL),
  ('2026-01-31', 'VT015', 'WH_HCM', 90, 162000000, 10, 46026, NULL),
  ('2026-01-31', 'VT016', 'WH_HN', 16, 10400000, 50, 45880, NULL),
  ('2026-01-31', 'VT016', 'WH_DA', 82, 53300000, 20, 45819, NULL),
  ('2026-01-31', 'VT016', 'WH_DN', 23, 14950000, 30, 45973, NULL),
  ('2026-01-31', 'VT016', 'WH_HCM', 119, 77350000, 10, 45885, NULL),
  ('2026-01-31', 'VT017', 'WH_HN', 35, 6300000, 50, 45871, NULL),
  ('2026-01-31', 'VT017', 'WH_DA', 98, 17640000, 30, 45983, NULL),
  ('2026-01-31', 'VT017', 'WH_DN', 9, 1620000, 30, 45850, NULL),
  ('2026-01-31', 'VT017', 'WH_HCM', 49, 8820000, 30, 46033, NULL),
  ('2026-01-31', 'VT018', 'WH_HN', 104, 49920000, 30, 46003, NULL),
  ('2026-01-31', 'VT018', 'WH_DA', 62, 29760000, 20, 45892, NULL),
  ('2026-01-31', 'VT018', 'WH_DN', 82, 39360000, 50, 46021, NULL),
  ('2026-01-31', 'VT018', 'WH_HCM', 98, 47040000, 50, 45993, NULL),
  ('2026-01-31', 'VT019', 'WH_HN', 13, 11700000, 50, 45865, NULL),
  ('2026-01-31', 'VT019', 'WH_DA', 4, 3600000, 10, 46030, NULL),
  ('2026-01-31', 'VT019', 'WH_DN', 32, 28800000, 50, 46044, NULL),
  ('2026-01-31', 'VT019', 'WH_HCM', 19, 17100000, 10, 46039, NULL),
  ('2026-01-31', 'VT020', 'WH_HN', 34, 22100000, 20, 45869, NULL),
  ('2026-01-31', 'VT020', 'WH_DA', 50, 32500000, 10, 45917, NULL),
  ('2026-01-31', 'VT020', 'WH_DN', 98, 63700000, 50, 45926, NULL),
  ('2026-01-31', 'VT020', 'WH_HCM', 108, 70200000, 10, 45910, NULL),
  ('2026-01-31', 'VT021', 'WH_HN', 203, 71050000, 10, 45903, NULL),
  ('2026-01-31', 'VT021', 'WH_DA', 165, 57750000, 30, 45946, NULL),
  ('2026-01-31', 'VT021', 'WH_DN', 103, 36050000, 30, 45912, NULL),
  ('2026-01-31', 'VT021', 'WH_HCM', 100, 35000000, 50, 45854, NULL),
  ('2026-01-31', 'VT022', 'WH_HN', 82, 14760000, 20, 46003, NULL),
  ('2026-01-31', 'VT022', 'WH_DA', 49, 8820000, 20, 45972, NULL),
  ('2026-01-31', 'VT022', 'WH_DN', 114, 20520000, 10, 45887, NULL),
  ('2026-01-31', 'VT022', 'WH_HCM', 62, 11160000, 10, 45822, NULL),
  ('2026-01-31', 'VT023', 'WH_HN', 94, 169200000, 20, 46013, NULL),
  ('2026-01-31', 'VT023', 'WH_DA', 3, 5400000, 20, 45923, NULL),
  ('2026-01-31', 'VT023', 'WH_DN', 101, 181800000, 30, 45921, NULL),
  ('2026-01-31', 'VT023', 'WH_HCM', 106, 190800000, 50, 46044, NULL),
  ('2026-01-31', 'VT024', 'WH_HN', 7, 8400000, 30, 45847, NULL),
  ('2026-01-31', 'VT024', 'WH_DA', 51, 61200000, 10, 45994, NULL),
  ('2026-01-31', 'VT024', 'WH_DN', 85, 102000000, 50, 45875, NULL),
  ('2026-01-31', 'VT024', 'WH_HCM', 68, 81600000, 20, 45859, NULL),
  ('2026-01-31', 'VT025', 'WH_HN', 118, 212400000, 10, 46039, NULL),
  ('2026-01-31', 'VT025', 'WH_DA', 62, 111600000, 10, 45928, NULL),
  ('2026-01-31', 'VT025', 'WH_DN', 79, 142200000, 10, 45986, NULL),
  ('2026-01-31', 'VT025', 'WH_HCM', 16, 28800000, 10, 46004, NULL),
  ('2026-01-31', 'VT026', 'WH_HN', 115, 13800000, 30, 45838, NULL),
  ('2026-01-31', 'VT026', 'WH_DA', 58, 6960000, 20, 45835, NULL),
  ('2026-01-31', 'VT026', 'WH_DN', 104, 12480000, 10, 46019, NULL),
  ('2026-01-31', 'VT026', 'WH_HCM', 102, 12240000, 20, 46032, NULL),
  ('2026-01-31', 'VT027', 'WH_HN', 54, 48600000, 30, 45841, NULL),
  ('2026-01-31', 'VT027', 'WH_DA', 94, 84600000, 50, 45965, NULL),
  ('2026-01-31', 'VT027', 'WH_DN', 87, 78300000, 20, 45966, NULL),
  ('2026-01-31', 'VT027', 'WH_HCM', 101, 90900000, 20, 45853, NULL),
  ('2026-01-31', 'VT028', 'WH_HN', 22, 14300000, 30, 46032, NULL),
  ('2026-01-31', 'VT028', 'WH_DA', 18, 11700000, 50, 46005, NULL),
  ('2026-01-31', 'VT028', 'WH_DN', 70, 45500000, 20, 45936, NULL),
  ('2026-01-31', 'VT028', 'WH_HCM', 74, 48100000, 10, 46014, NULL),
  ('2026-01-31', 'VT029', 'WH_HN', 108, 97200000, 50, 45849, NULL),
  ('2026-01-31', 'VT029', 'WH_DA', -3, -2700000, 50, 46028, 'Tồn âm cần kiểm tra'),
  ('2026-01-31', 'VT029', 'WH_DN', 118, 106200000, 10, 45868, NULL),
  ('2026-01-31', 'VT029', 'WH_HCM', 113, 101700000, 30, 45942, NULL),
  ('2026-01-31', 'VT030', 'WH_HN', 101, 48480000, 50, 45871, NULL),
  ('2026-01-31', 'VT030', 'WH_DA', 18, 8640000, 30, 45915, NULL),
  ('2026-01-31', 'VT030', 'WH_DN', 30, 14400000, 20, 45892, NULL),
  ('2026-01-31', 'VT030', 'WH_HCM', 76, 36480000, 20, 45865, NULL),
  ('2026-01-31', 'VT031', 'WH_HN', 11, 19800000, 30, 45959, NULL),
  ('2026-01-31', 'VT031', 'WH_DA', 71, 127800000, 20, 45999, NULL),
  ('2026-01-31', 'VT031', 'WH_DN', 67, 120600000, 10, 45890, NULL),
  ('2026-01-31', 'VT031', 'WH_HCM', 97, 174600000, 20, 45930, NULL),
  ('2026-01-31', 'VT032', 'WH_HN', 84, 75600000, 20, 45978, NULL),
  ('2026-01-31', 'VT032', 'WH_DA', 14, 12600000, 20, 45873, NULL),
  ('2026-01-31', 'VT032', 'WH_DN', 116, 104400000, 50, 45921, NULL),
  ('2026-01-31', 'VT032', 'WH_HCM', 85, 76500000, 10, 46035, NULL),
  ('2026-01-31', 'VT033', 'WH_HN', 36, 12600000, 20, 45937, NULL),
  ('2026-01-31', 'VT033', 'WH_DA', 78, 27300000, 50, 46037, NULL),
  ('2026-01-31', 'VT033', 'WH_DN', 6, 2100000, 20, 46008, NULL),
  ('2026-01-31', 'VT033', 'WH_HCM', 62, 21700000, 10, 46030, NULL),
  ('2026-01-31', 'VT034', 'WH_HN', 92, 16560000, 50, 45897, NULL),
  ('2026-01-31', 'VT034', 'WH_DA', 53, 9540000, 20, 45857, NULL),
  ('2026-01-31', 'VT034', 'WH_DN', 41, 7380000, 20, 45849, NULL),
  ('2026-01-31', 'VT034', 'WH_HCM', 29, 5220000, 10, 45988, NULL),
  ('2026-01-31', 'VT035', 'WH_HN', 131, 32750000, 50, 45820, NULL),
  ('2026-01-31', 'VT035', 'WH_DA', 204, 51000000, 10, 45821, NULL),
  ('2026-01-31', 'VT035', 'WH_DN', 196, 49000000, 20, 45949, NULL),
  ('2026-01-31', 'VT035', 'WH_HCM', 129, 32250000, 30, 45979, NULL),
  ('2026-01-31', 'VT036', 'WH_HN', 16, 2880000, 10, 45871, NULL),
  ('2026-01-31', 'VT036', 'WH_DA', 35, 6300000, 20, 46020, NULL),
  ('2026-01-31', 'VT036', 'WH_DN', 58, 10440000, 50, 46005, NULL),
  ('2026-01-31', 'VT036', 'WH_HCM', 28, 5040000, 30, 45894, NULL),
  ('2026-02-28', 'VT001', 'WH_HN', 101, 18180000, 20, 45929, NULL),
  ('2026-02-28', 'VT001', 'WH_DA', 109, 19620000, 20, 46054, NULL),
  ('2026-02-28', 'VT001', 'WH_DN', 66, 11880000, 50, 45856, NULL),
  ('2026-02-28', 'VT001', 'WH_HCM', 75, 13500000, 50, 45862, NULL),
  ('2026-02-28', 'VT002', 'WH_HN', 1, 350000, 50, 45888, NULL),
  ('2026-02-28', 'VT002', 'WH_DA', 31, 10850000, 30, 45965, NULL),
  ('2026-02-28', 'VT002', 'WH_DN', 114, 39900000, 20, 45843, NULL),
  ('2026-02-28', 'VT002', 'WH_HCM', 0, 0, 50, 46065, NULL),
  ('2026-02-28', 'VT003', 'WH_HN', 60, 10800000, 10, 45968, NULL),
  ('2026-02-28', 'VT003', 'WH_DA', 61, 10980000, 10, 45961, NULL),
  ('2026-02-28', 'VT003', 'WH_DN', 10, 1800000, 10, 45899, NULL),
  ('2026-02-28', 'VT003', 'WH_HCM', 27, 4860000, 20, 45985, NULL),
  ('2026-02-28', 'VT004', 'WH_HN', 82, 14760000, 10, 46072, NULL),
  ('2026-02-28', 'VT004', 'WH_DA', 39, 7020000, 20, 45896, NULL),
  ('2026-02-28', 'VT004', 'WH_DN', 73, 13140000, 10, 45960, NULL),
  ('2026-02-28', 'VT004', 'WH_HCM', 17, 3060000, 50, 46029, NULL),
  ('2026-02-28', 'VT005', 'WH_HN', 47, 5640000, 50, 45896, NULL),
  ('2026-02-28', 'VT005', 'WH_DA', 110, 13200000, 10, 45978, NULL),
  ('2026-02-28', 'VT005', 'WH_DN', 42, 5040000, 10, 46001, NULL),
  ('2026-02-28', 'VT005', 'WH_HCM', 34, 4080000, 20, 45875, NULL),
  ('2026-02-28', 'VT006', 'WH_HN', 79, 142200000, 30, 45888, NULL),
  ('2026-02-28', 'VT006', 'WH_DA', 65, 117000000, 30, 45849, NULL),
  ('2026-02-28', 'VT006', 'WH_DN', 49, 88200000, 30, 45957, NULL),
  ('2026-02-28', 'VT006', 'WH_HCM', 46, 82800000, 30, 46032, NULL),
  ('2026-02-28', 'VT007', 'WH_HN', 97, 33950000, 20, 46041, NULL),
  ('2026-02-28', 'VT007', 'WH_DA', 218, 76300000, 10, 45910, NULL),
  ('2026-02-28', 'VT007', 'WH_DN', 133, 46550000, 20, 45994, NULL),
  ('2026-02-28', 'VT007', 'WH_HCM', 208, 72800000, 50, 46006, NULL),
  ('2026-02-28', 'VT008', 'WH_HN', 47, 84600000, 30, 45961, NULL),
  ('2026-02-28', 'VT008', 'WH_DA', 67, 120600000, 10, 45956, NULL),
  ('2026-02-28', 'VT008', 'WH_DN', 86, 154800000, 30, 45961, NULL),
  ('2026-02-28', 'VT008', 'WH_HCM', 102, 183600000, 10, 46028, NULL),
  ('2026-02-28', 'VT009', 'WH_HN', 58, 27840000, 10, 46056, NULL),
  ('2026-02-28', 'VT009', 'WH_DA', 22, 10560000, 30, 46057, NULL),
  ('2026-02-28', 'VT009', 'WH_DN', 35, 16800000, 10, 45898, NULL),
  ('2026-02-28', 'VT009', 'WH_HCM', 19, 9120000, 20, 45943, NULL),
  ('2026-02-28', 'VT010', 'WH_HN', 2, 1800000, 30, 45970, NULL),
  ('2026-02-28', 'VT010', 'WH_DA', 69, 62100000, 20, 45955, NULL),
  ('2026-02-28', 'VT010', 'WH_DN', 56, 50400000, 10, 46002, NULL),
  ('2026-02-28', 'VT010', 'WH_HCM', 2, 1800000, 20, 45863, NULL),
  ('2026-02-28', 'VT011', 'WH_HN', 82, 28700000, 30, 45971, NULL),
  ('2026-02-28', 'VT011', 'WH_DA', 83, 29050000, 30, 45952, NULL),
  ('2026-02-28', 'VT011', 'WH_DN', 89, 31150000, 50, 45959, NULL),
  ('2026-02-28', 'VT011', 'WH_HCM', 16, 5600000, 30, 46033, NULL),
  ('2026-02-28', 'VT012', 'WH_HN', 29, 26100000, 50, 45981, NULL),
  ('2026-02-28', 'VT012', 'WH_DA', 98, 88200000, 10, 46039, NULL),
  ('2026-02-28', 'VT012', 'WH_DN', 58, 52200000, 20, 45918, NULL),
  ('2026-02-28', 'VT012', 'WH_HCM', 91, 81900000, 30, 46030, NULL),
  ('2026-02-28', 'VT013', 'WH_HN', 107, 51360000, 20, 46035, NULL),
  ('2026-02-28', 'VT013', 'WH_DA', 5, 2400000, 30, 45929, NULL),
  ('2026-02-28', 'VT013', 'WH_DN', 33, 15840000, 30, 46029, NULL),
  ('2026-02-28', 'VT013', 'WH_HCM', 90, 43200000, 10, 45906, NULL),
  ('2026-02-28', 'VT014', 'WH_HN', 44, 79200000, 20, 45981, NULL),
  ('2026-02-28', 'VT014', 'WH_DA', 20, 36000000, 30, 46045, NULL),
  ('2026-02-28', 'VT014', 'WH_DN', 51, 91800000, 50, 45880, NULL),
  ('2026-02-28', 'VT014', 'WH_HCM', -9, -16200000, 30, 46037, 'Tồn âm cần kiểm tra'),
  ('2026-02-28', 'VT015', 'WH_HN', 64, 115200000, 30, 45911, NULL),
  ('2026-02-28', 'VT015', 'WH_DA', 60, 108000000, 30, 45883, NULL),
  ('2026-02-28', 'VT015', 'WH_DN', 73, 131400000, 20, 45872, NULL),
  ('2026-02-28', 'VT015', 'WH_HCM', 116, 208800000, 50, 45990, NULL),
  ('2026-02-28', 'VT016', 'WH_HN', 93, 60450000, 50, 45846, NULL),
  ('2026-02-28', 'VT016', 'WH_DA', 86, 55900000, 10, 45998, NULL),
  ('2026-02-28', 'VT016', 'WH_DN', 79, 51350000, 20, 45962, NULL),
  ('2026-02-28', 'VT016', 'WH_HCM', 41, 26650000, 10, 45921, NULL),
  ('2026-02-28', 'VT017', 'WH_HN', 74, 13320000, 20, 45876, NULL),
  ('2026-02-28', 'VT017', 'WH_DA', 35, 6300000, 20, 46071, NULL),
  ('2026-02-28', 'VT017', 'WH_DN', 108, 19440000, 50, 45903, NULL),
  ('2026-02-28', 'VT017', 'WH_HCM', 11, 1980000, 50, 46027, NULL),
  ('2026-02-28', 'VT018', 'WH_HN', 77, 36960000, 10, 45844, NULL),
  ('2026-02-28', 'VT018', 'WH_DA', 50, 24000000, 20, 45893, NULL),
  ('2026-02-28', 'VT018', 'WH_DN', -6, -2880000, 50, 45981, 'Tồn âm cần kiểm tra'),
  ('2026-02-28', 'VT018', 'WH_HCM', 44, 21120000, 30, 45962, NULL),
  ('2026-02-28', 'VT019', 'WH_HN', 11, 9900000, 20, 45890, NULL),
  ('2026-02-28', 'VT019', 'WH_DA', 94, 84600000, 50, 45871, NULL),
  ('2026-02-28', 'VT019', 'WH_DN', 20, 18000000, 50, 45890, NULL),
  ('2026-02-28', 'VT019', 'WH_HCM', 17, 15300000, 10, 46040, NULL),
  ('2026-02-28', 'VT020', 'WH_HN', 60, 39000000, 30, 46060, NULL),
  ('2026-02-28', 'VT020', 'WH_DA', -5, -3250000, 50, 46054, 'Tồn âm cần kiểm tra'),
  ('2026-02-28', 'VT020', 'WH_DN', 53, 34450000, 20, 45934, NULL),
  ('2026-02-28', 'VT020', 'WH_HCM', 72, 46800000, 20, 46025, NULL),
  ('2026-02-28', 'VT021', 'WH_HN', 154, 53900000, 50, 46066, NULL),
  ('2026-02-28', 'VT021', 'WH_DA', 157, 54950000, 50, 45933, NULL),
  ('2026-02-28', 'VT021', 'WH_DN', 86, 30100000, 10, 46037, NULL),
  ('2026-02-28', 'VT021', 'WH_HCM', 200, 70000000, 10, 45909, NULL),
  ('2026-02-28', 'VT022', 'WH_HN', 36, 6480000, 50, 46031, NULL),
  ('2026-02-28', 'VT022', 'WH_DA', 88, 15840000, 20, 46069, NULL),
  ('2026-02-28', 'VT022', 'WH_DN', 35, 6300000, 50, 46059, NULL),
  ('2026-02-28', 'VT022', 'WH_HCM', 46, 8280000, 50, 45932, NULL),
  ('2026-02-28', 'VT023', 'WH_HN', 33, 59400000, 50, 45899, NULL),
  ('2026-02-28', 'VT023', 'WH_DA', 47, 84600000, 10, 45860, NULL),
  ('2026-02-28', 'VT023', 'WH_DN', 74, 133200000, 10, 46039, NULL),
  ('2026-02-28', 'VT023', 'WH_HCM', 112, 201600000, 20, 45985, NULL),
  ('2026-02-28', 'VT024', 'WH_HN', 34, 40800000, 30, 45969, NULL),
  ('2026-02-28', 'VT024', 'WH_DA', 45, 54000000, 10, 46002, NULL),
  ('2026-02-28', 'VT024', 'WH_DN', 81, 97200000, 10, 45945, NULL),
  ('2026-02-28', 'VT024', 'WH_HCM', 80, 96000000, 20, 45881, NULL),
  ('2026-02-28', 'VT025', 'WH_HN', 96, 172800000, 20, 45937, NULL),
  ('2026-02-28', 'VT025', 'WH_DA', 40, 72000000, 30, 46007, NULL),
  ('2026-02-28', 'VT025', 'WH_DN', 88, 158400000, 30, 46052, NULL),
  ('2026-02-28', 'VT025', 'WH_HCM', 45, 81000000, 20, 46073, NULL),
  ('2026-02-28', 'VT026', 'WH_HN', 36, 4320000, 30, 45877, NULL),
  ('2026-02-28', 'VT026', 'WH_DA', 43, 5160000, 20, 46050, NULL),
  ('2026-02-28', 'VT026', 'WH_DN', 64, 7680000, 20, 45864, NULL),
  ('2026-02-28', 'VT026', 'WH_HCM', 114, 13680000, 10, 45970, NULL),
  ('2026-02-28', 'VT027', 'WH_HN', 9, 8100000, 10, 45867, NULL),
  ('2026-02-28', 'VT027', 'WH_DA', 2, 1800000, 50, 45987, NULL),
  ('2026-02-28', 'VT027', 'WH_DN', 46, 41400000, 20, 45867, NULL),
  ('2026-02-28', 'VT027', 'WH_HCM', 76, 68400000, 30, 46032, NULL),
  ('2026-02-28', 'VT028', 'WH_HN', 3, 1950000, 10, 46020, NULL),
  ('2026-02-28', 'VT028', 'WH_DA', 88, 57200000, 20, 45900, NULL),
  ('2026-02-28', 'VT028', 'WH_DN', 16, 10400000, 20, 46043, NULL),
  ('2026-02-28', 'VT028', 'WH_HCM', -8, -5200000, 10, 46057, 'Tồn âm cần kiểm tra'),
  ('2026-02-28', 'VT029', 'WH_HN', 96, 86400000, 50, 46066, NULL),
  ('2026-02-28', 'VT029', 'WH_DA', 4, 3600000, 10, 45956, NULL),
  ('2026-02-28', 'VT029', 'WH_DN', 32, 28800000, 10, 46060, NULL),
  ('2026-02-28', 'VT029', 'WH_HCM', 1, 900000, 10, 45876, NULL),
  ('2026-02-28', 'VT030', 'WH_HN', 77, 36960000, 20, 45926, NULL),
  ('2026-02-28', 'VT030', 'WH_DA', 23, 11040000, 30, 46069, NULL),
  ('2026-02-28', 'VT030', 'WH_DN', 108, 51840000, 30, 45928, NULL),
  ('2026-02-28', 'VT030', 'WH_HCM', 20, 9600000, 20, 45947, NULL),
  ('2026-02-28', 'VT031', 'WH_HN', 12, 21600000, 10, 45941, NULL),
  ('2026-02-28', 'VT031', 'WH_DA', 24, 43200000, 30, 46033, NULL),
  ('2026-02-28', 'VT031', 'WH_DN', 68, 122400000, 10, 45891, NULL),
  ('2026-02-28', 'VT031', 'WH_HCM', 27, 48600000, 50, 45983, NULL),
  ('2026-02-28', 'VT032', 'WH_HN', 23, 20700000, 50, 45904, NULL),
  ('2026-02-28', 'VT032', 'WH_DA', 23, 20700000, 30, 45979, NULL),
  ('2026-02-28', 'VT032', 'WH_DN', 65, 58500000, 20, 45972, NULL),
  ('2026-02-28', 'VT032', 'WH_HCM', 40, 36000000, 10, 45957, NULL),
  ('2026-02-28', 'VT033', 'WH_HN', 17, 5950000, 50, 45881, NULL),
  ('2026-02-28', 'VT033', 'WH_DA', 36, 12600000, 10, 46055, NULL),
  ('2026-02-28', 'VT033', 'WH_DN', 14, 4900000, 50, 46004, NULL),
  ('2026-02-28', 'VT033', 'WH_HCM', 94, 32900000, 30, 45901, NULL),
  ('2026-02-28', 'VT034', 'WH_HN', 56, 10080000, 20, 45935, NULL),
  ('2026-02-28', 'VT034', 'WH_DA', 109, 19620000, 50, 46028, NULL),
  ('2026-02-28', 'VT034', 'WH_DN', 114, 20520000, 50, 45903, NULL),
  ('2026-02-28', 'VT034', 'WH_HCM', 1, 180000, 50, 45904, NULL),
  ('2026-02-28', 'VT035', 'WH_HN', 213, 53250000, 10, 46046, NULL),
  ('2026-02-28', 'VT035', 'WH_DA', 106, 26500000, 20, 46060, NULL),
  ('2026-02-28', 'VT035', 'WH_DN', 166, 41500000, 20, 45924, NULL),
  ('2026-02-28', 'VT035', 'WH_HCM', 111, 27750000, 20, 45862, NULL),
  ('2026-02-28', 'VT036', 'WH_HN', 63, 11340000, 30, 45881, NULL),
  ('2026-02-28', 'VT036', 'WH_DA', 74, 13320000, 30, 45883, NULL),
  ('2026-02-28', 'VT036', 'WH_DN', 82, 14760000, 50, 45985, NULL),
  ('2026-02-28', 'VT036', 'WH_HCM', 77, 13860000, 50, 45952, NULL),
  ('2026-03-31', 'VT001', 'WH_HN', 18, 3240000, 50, 46080, NULL),
  ('2026-03-31', 'VT001', 'WH_DA', 62, 11160000, 50, 46048, NULL),
  ('2026-03-31', 'VT001', 'WH_DN', 17, 3060000, 10, 46082, NULL),
  ('2026-03-31', 'VT001', 'WH_HCM', 106, 19080000, 10, 45980, NULL),
  ('2026-03-31', 'VT002', 'WH_HN', 22, 7700000, 50, 45953, NULL),
  ('2026-03-31', 'VT002', 'WH_DA', 19, 6650000, 30, 45948, NULL),
  ('2026-03-31', 'VT002', 'WH_DN', 97, 33950000, 10, 45938, NULL),
  ('2026-03-31', 'VT002', 'WH_HCM', 98, 34300000, 50, 45905, NULL),
  ('2026-03-31', 'VT003', 'WH_HN', 37, 6660000, 50, 45982, NULL),
  ('2026-03-31', 'VT003', 'WH_DA', 69, 12420000, 30, 45900, NULL),
  ('2026-03-31', 'VT003', 'WH_DN', 69, 12420000, 10, 45912, NULL),
  ('2026-03-31', 'VT003', 'WH_HCM', 55, 9900000, 10, 46009, NULL),
  ('2026-03-31', 'VT004', 'WH_HN', 109, 19620000, 50, 45994, NULL),
  ('2026-03-31', 'VT004', 'WH_DA', 4, 720000, 20, 45965, NULL),
  ('2026-03-31', 'VT004', 'WH_DN', 99, 17820000, 30, 45881, NULL),
  ('2026-03-31', 'VT004', 'WH_HCM', 62, 11160000, 50, 46073, NULL),
  ('2026-03-31', 'VT005', 'WH_HN', 49, 5880000, 50, 45912, NULL),
  ('2026-03-31', 'VT005', 'WH_DA', 86, 10320000, 50, 45939, NULL),
  ('2026-03-31', 'VT005', 'WH_DN', 69, 8280000, 50, 45986, NULL),
  ('2026-03-31', 'VT005', 'WH_HCM', 20, 2400000, 10, 46007, NULL),
  ('2026-03-31', 'VT006', 'WH_HN', 75, 135000000, 50, 45950, NULL),
  ('2026-03-31', 'VT006', 'WH_DA', 98, 176400000, 30, 46025, NULL),
  ('2026-03-31', 'VT006', 'WH_DN', 75, 135000000, 10, 46075, NULL),
  ('2026-03-31', 'VT006', 'WH_HCM', 44, 79200000, 10, 45912, NULL),
  ('2026-03-31', 'VT007', 'WH_HN', 177, 61950000, 10, 45998, NULL),
  ('2026-03-31', 'VT007', 'WH_DA', 185, 64750000, 30, 46093, NULL),
  ('2026-03-31', 'VT007', 'WH_DN', 140, 49000000, 30, 45956, NULL),
  ('2026-03-31', 'VT007', 'WH_HCM', 96, 33600000, 30, 46078, NULL),
  ('2026-03-31', 'VT008', 'WH_HN', 2, 3600000, 30, 46098, NULL),
  ('2026-03-31', 'VT008', 'WH_DA', 110, 198000000, 50, 45962, NULL),
  ('2026-03-31', 'VT008', 'WH_DN', 53, 95400000, 30, 46102, NULL),
  ('2026-03-31', 'VT008', 'WH_HCM', 75, 135000000, 10, 46026, NULL),
  ('2026-03-31', 'VT009', 'WH_HN', 49, 23520000, 30, 45961, NULL),
  ('2026-03-31', 'VT009', 'WH_DA', 62, 29760000, 10, 45931, NULL),
  ('2026-03-31', 'VT009', 'WH_DN', 43, 20640000, 50, 45979, NULL),
  ('2026-03-31', 'VT009', 'WH_HCM', 85, 40800000, 30, 46065, NULL),
  ('2026-03-31', 'VT010', 'WH_HN', 46, 41400000, 50, 46056, NULL),
  ('2026-03-31', 'VT010', 'WH_DA', 108, 97200000, 10, 45892, NULL),
  ('2026-03-31', 'VT010', 'WH_DN', 27, 24300000, 30, 46040, NULL),
  ('2026-03-31', 'VT010', 'WH_HCM', 73, 65700000, 50, 45902, NULL),
  ('2026-03-31', 'VT011', 'WH_HN', 95, 33250000, 10, 45924, NULL),
  ('2026-03-31', 'VT011', 'WH_DA', 12, 4200000, 30, 46038, NULL),
  ('2026-03-31', 'VT011', 'WH_DN', 102, 35700000, 50, 45998, NULL),
  ('2026-03-31', 'VT011', 'WH_HCM', 101, 35350000, 10, 45941, NULL),
  ('2026-03-31', 'VT012', 'WH_HN', 64, 57600000, 30, 45997, NULL),
  ('2026-03-31', 'VT012', 'WH_DA', 40, 36000000, 20, 46001, NULL),
  ('2026-03-31', 'VT012', 'WH_DN', 79, 71100000, 50, 45936, NULL),
  ('2026-03-31', 'VT012', 'WH_HCM', 23, 20700000, 10, 45947, NULL),
  ('2026-03-31', 'VT013', 'WH_HN', 110, 52800000, 20, 45960, NULL),
  ('2026-03-31', 'VT013', 'WH_DA', 84, 40320000, 50, 46039, NULL),
  ('2026-03-31', 'VT013', 'WH_DN', 68, 32640000, 50, 45963, NULL),
  ('2026-03-31', 'VT013', 'WH_HCM', 7, 3360000, 20, 46014, NULL),
  ('2026-03-31', 'VT014', 'WH_HN', 30, 54000000, 20, 45916, NULL),
  ('2026-03-31', 'VT014', 'WH_DA', 38, 68400000, 50, 46002, NULL),
  ('2026-03-31', 'VT014', 'WH_DN', 106, 190800000, 10, 45945, NULL),
  ('2026-03-31', 'VT014', 'WH_HCM', 52, 93600000, 30, 45897, NULL),
  ('2026-03-31', 'VT015', 'WH_HN', 20, 36000000, 30, 45932, NULL),
  ('2026-03-31', 'VT015', 'WH_DA', 51, 91800000, 20, 46078, NULL),
  ('2026-03-31', 'VT015', 'WH_DN', 3, 5400000, 20, 45903, NULL),
  ('2026-03-31', 'VT015', 'WH_HCM', 59, 106200000, 50, 45964, NULL),
  ('2026-03-31', 'VT016', 'WH_HN', 54, 35100000, 10, 46056, NULL),
  ('2026-03-31', 'VT016', 'WH_DA', 17, 11050000, 10, 46041, NULL),
  ('2026-03-31', 'VT016', 'WH_DN', 35, 22750000, 20, 45943, NULL),
  ('2026-03-31', 'VT016', 'WH_HCM', -2, -1300000, 50, 45907, 'Tồn âm cần kiểm tra'),
  ('2026-03-31', 'VT017', 'WH_HN', 40, 7200000, 30, 45886, NULL),
  ('2026-03-31', 'VT017', 'WH_DA', 52, 9360000, 30, 45936, NULL),
  ('2026-03-31', 'VT017', 'WH_DN', 11, 1980000, 50, 45893, NULL),
  ('2026-03-31', 'VT017', 'WH_HCM', 17, 3060000, 20, 46079, NULL),
  ('2026-03-31', 'VT018', 'WH_HN', 64, 30720000, 10, 45974, NULL),
  ('2026-03-31', 'VT018', 'WH_DA', 74, 35520000, 30, 45980, NULL),
  ('2026-03-31', 'VT018', 'WH_DN', 30, 14400000, 10, 45910, NULL),
  ('2026-03-31', 'VT018', 'WH_HCM', 42, 20160000, 50, 45901, NULL),
  ('2026-03-31', 'VT019', 'WH_HN', 30, 27000000, 50, 46052, NULL),
  ('2026-03-31', 'VT019', 'WH_DA', 22, 19800000, 20, 46037, NULL),
  ('2026-03-31', 'VT019', 'WH_DN', 32, 28800000, 10, 45982, NULL),
  ('2026-03-31', 'VT019', 'WH_HCM', 89, 80100000, 10, 46026, NULL),
  ('2026-03-31', 'VT020', 'WH_HN', 60, 39000000, 20, 46036, NULL),
  ('2026-03-31', 'VT020', 'WH_DA', 119, 77350000, 20, 46015, NULL),
  ('2026-03-31', 'VT020', 'WH_DN', 47, 30550000, 30, 46102, NULL),
  ('2026-03-31', 'VT020', 'WH_HCM', 115, 74750000, 10, 45892, NULL),
  ('2026-03-31', 'VT021', 'WH_HN', 93, 32550000, 20, 46043, NULL),
  ('2026-03-31', 'VT021', 'WH_DA', 172, 60200000, 10, 45971, NULL),
  ('2026-03-31', 'VT021', 'WH_DN', 193, 67550000, 50, 46105, NULL),
  ('2026-03-31', 'VT021', 'WH_HCM', 145, 50750000, 30, 46084, NULL),
  ('2026-03-31', 'VT022', 'WH_HN', 96, 17280000, 20, 46031, NULL),
  ('2026-03-31', 'VT022', 'WH_DA', 113, 20340000, 20, 45873, NULL),
  ('2026-03-31', 'VT022', 'WH_DN', 40, 7200000, 50, 45905, NULL),
  ('2026-03-31', 'VT022', 'WH_HCM', 110, 19800000, 10, 45897, NULL),
  ('2026-03-31', 'VT023', 'WH_HN', 62, 111600000, 50, 45919, NULL),
  ('2026-03-31', 'VT023', 'WH_DA', 107, 192600000, 30, 45924, NULL),
  ('2026-03-31', 'VT023', 'WH_DN', 117, 210600000, 10, 45896, NULL),
  ('2026-03-31', 'VT023', 'WH_HCM', 33, 59400000, 10, 46017, NULL),
  ('2026-03-31', 'VT024', 'WH_HN', 93, 111600000, 30, 45991, NULL),
  ('2026-03-31', 'VT024', 'WH_DA', 97, 116400000, 10, 45943, NULL),
  ('2026-03-31', 'VT024', 'WH_DN', 80, 96000000, 50, 45905, NULL),
  ('2026-03-31', 'VT024', 'WH_HCM', 0, 0, 50, 46056, NULL),
  ('2026-03-31', 'VT025', 'WH_HN', 40, 72000000, 10, 46079, NULL),
  ('2026-03-31', 'VT025', 'WH_DA', 66, 118800000, 20, 45891, NULL),
  ('2026-03-31', 'VT025', 'WH_DN', 52, 93600000, 30, 45992, NULL),
  ('2026-03-31', 'VT025', 'WH_HCM', 94, 169200000, 20, 46041, NULL),
  ('2026-03-31', 'VT026', 'WH_HN', 75, 9000000, 30, 45903, NULL),
  ('2026-03-31', 'VT026', 'WH_DA', 10, 1200000, 50, 46013, NULL),
  ('2026-03-31', 'VT026', 'WH_DN', 112, 13440000, 50, 45894, NULL),
  ('2026-03-31', 'VT026', 'WH_HCM', 28, 3360000, 10, 46102, NULL),
  ('2026-03-31', 'VT027', 'WH_HN', 82, 73800000, 20, 45875, NULL),
  ('2026-03-31', 'VT027', 'WH_DA', 59, 53100000, 20, 46040, NULL),
  ('2026-03-31', 'VT027', 'WH_DN', 21, 18900000, 10, 46005, NULL),
  ('2026-03-31', 'VT027', 'WH_HCM', 76, 68400000, 30, 46069, NULL),
  ('2026-03-31', 'VT028', 'WH_HN', 47, 30550000, 20, 45962, NULL),
  ('2026-03-31', 'VT028', 'WH_DA', 91, 59150000, 50, 45910, NULL),
  ('2026-03-31', 'VT028', 'WH_DN', 58, 37700000, 50, 46077, NULL),
  ('2026-03-31', 'VT028', 'WH_HCM', 26, 16900000, 20, 45887, NULL),
  ('2026-03-31', 'VT029', 'WH_HN', 34, 30600000, 30, 45916, NULL),
  ('2026-03-31', 'VT029', 'WH_DA', 16, 14400000, 50, 45888, NULL),
  ('2026-03-31', 'VT029', 'WH_DN', 27, 24300000, 30, 45921, NULL),
  ('2026-03-31', 'VT029', 'WH_HCM', 53, 47700000, 20, 46003, NULL),
  ('2026-03-31', 'VT030', 'WH_HN', 3, 1440000, 30, 46040, NULL),
  ('2026-03-31', 'VT030', 'WH_DA', 57, 27360000, 20, 46013, NULL),
  ('2026-03-31', 'VT030', 'WH_DN', -3, -1440000, 50, 46086, 'Tồn âm cần kiểm tra'),
  ('2026-03-31', 'VT030', 'WH_HCM', 111, 53280000, 30, 45930, NULL),
  ('2026-03-31', 'VT031', 'WH_HN', 27, 48600000, 50, 45926, NULL),
  ('2026-03-31', 'VT031', 'WH_DA', 76, 136800000, 30, 46089, NULL),
  ('2026-03-31', 'VT031', 'WH_DN', 7, 12600000, 10, 46022, NULL),
  ('2026-03-31', 'VT031', 'WH_HCM', 60, 108000000, 30, 45952, NULL),
  ('2026-03-31', 'VT032', 'WH_HN', 102, 91800000, 10, 46106, NULL),
  ('2026-03-31', 'VT032', 'WH_DA', 79, 71100000, 50, 46030, NULL),
  ('2026-03-31', 'VT032', 'WH_DN', 85, 76500000, 30, 46074, NULL),
  ('2026-03-31', 'VT032', 'WH_HCM', 71, 63900000, 10, 45959, NULL),
  ('2026-03-31', 'VT033', 'WH_HN', 21, 7350000, 50, 46021, NULL),
  ('2026-03-31', 'VT033', 'WH_DA', 16, 5600000, 10, 46026, NULL),
  ('2026-03-31', 'VT033', 'WH_DN', 55, 19250000, 20, 46041, NULL),
  ('2026-03-31', 'VT033', 'WH_HCM', 5, 1750000, 20, 45980, NULL),
  ('2026-03-31', 'VT034', 'WH_HN', 106, 19080000, 30, 45916, NULL),
  ('2026-03-31', 'VT034', 'WH_DA', 55, 9900000, 30, 45876, NULL),
  ('2026-03-31', 'VT034', 'WH_DN', 78, 14040000, 30, 45975, NULL),
  ('2026-03-31', 'VT034', 'WH_HCM', 114, 20520000, 20, 46027, NULL),
  ('2026-03-31', 'VT035', 'WH_HN', 118, 29500000, 50, 46094, NULL),
  ('2026-03-31', 'VT035', 'WH_DA', 138, 34500000, 20, 46098, NULL),
  ('2026-03-31', 'VT035', 'WH_DN', 199, 49750000, 50, 46078, NULL),
  ('2026-03-31', 'VT035', 'WH_HCM', 206, 51500000, 10, 45994, NULL),
  ('2026-03-31', 'VT036', 'WH_HN', 90, 16200000, 50, 45990, NULL),
  ('2026-03-31', 'VT036', 'WH_DA', 108, 19440000, 20, 46076, NULL),
  ('2026-03-31', 'VT036', 'WH_DN', 26, 4680000, 30, 46061, NULL),
  ('2026-03-31', 'VT036', 'WH_HCM', 95, 17100000, 30, 45963, NULL),
  ('2026-04-30', 'VT001', 'WH_HN', 74, 13320000, 20, 45988, NULL),
  ('2026-04-30', 'VT001', 'WH_DA', 0, 0, 20, 46031, NULL),
  ('2026-04-30', 'VT001', 'WH_DN', 31, 5580000, 50, 45964, NULL),
  ('2026-04-30', 'VT001', 'WH_HCM', 42, 7560000, 10, 46065, NULL),
  ('2026-04-30', 'VT002', 'WH_HN', 87, 30450000, 10, 46037, NULL),
  ('2026-04-30', 'VT002', 'WH_DA', 118, 41300000, 10, 45923, NULL),
  ('2026-04-30', 'VT002', 'WH_DN', 3, 1050000, 10, 46020, NULL),
  ('2026-04-30', 'VT002', 'WH_HCM', 84, 29400000, 50, 46021, NULL),
  ('2026-04-30', 'VT003', 'WH_HN', 34, 6120000, 10, 46053, NULL),
  ('2026-04-30', 'VT003', 'WH_DA', 83, 14940000, 50, 46054, NULL),
  ('2026-04-30', 'VT003', 'WH_DN', 93, 16740000, 20, 46083, NULL),
  ('2026-04-30', 'VT003', 'WH_HCM', 102, 18360000, 30, 46055, NULL),
  ('2026-04-30', 'VT004', 'WH_HN', 95, 17100000, 10, 45997, NULL),
  ('2026-04-30', 'VT004', 'WH_DA', 48, 8640000, 10, 46035, NULL),
  ('2026-04-30', 'VT004', 'WH_DN', 30, 5400000, 50, 46115, NULL),
  ('2026-04-30', 'VT004', 'WH_HCM', 26, 4680000, 20, 46038, NULL),
  ('2026-04-30', 'VT005', 'WH_HN', 189, 22680000, 10, 46061, NULL),
  ('2026-04-30', 'VT005', 'WH_DA', 229, 27480000, 20, 46046, NULL),
  ('2026-04-30', 'VT005', 'WH_DN', 244, 29280000, 20, 46012, NULL),
  ('2026-04-30', 'VT005', 'WH_HCM', 271, 32520000, 30, 45993, NULL),
  ('2026-04-30', 'VT006', 'WH_HN', 11, 19800000, 50, 45930, NULL),
  ('2026-04-30', 'VT006', 'WH_DA', 23, 41400000, 50, 45976, NULL),
  ('2026-04-30', 'VT006', 'WH_DN', 5, 9000000, 30, 46019, NULL),
  ('2026-04-30', 'VT006', 'WH_HCM', 82, 147600000, 20, 46011, NULL),
  ('2026-04-30', 'VT007', 'WH_HN', 214, 74900000, 10, 46063, NULL),
  ('2026-04-30', 'VT007', 'WH_DA', 202, 70700000, 30, 46099, NULL),
  ('2026-04-30', 'VT007', 'WH_DN', 156, 54600000, 20, 46004, NULL),
  ('2026-04-30', 'VT007', 'WH_HCM', 92, 32200000, 10, 45903, NULL),
  ('2026-04-30', 'VT008', 'WH_HN', 13, 23400000, 50, 46032, NULL),
  ('2026-04-30', 'VT008', 'WH_DA', 84, 151200000, 30, 46047, NULL),
  ('2026-04-30', 'VT008', 'WH_DN', 10, 18000000, 10, 46108, NULL),
  ('2026-04-30', 'VT008', 'WH_HCM', 59, 106200000, 20, 45936, NULL),
  ('2026-04-30', 'VT009', 'WH_HN', 50, 24000000, 10, 46116, NULL),
  ('2026-04-30', 'VT009', 'WH_DA', 90, 43200000, 30, 46057, NULL),
  ('2026-04-30', 'VT009', 'WH_DN', 58, 27840000, 50, 45978, NULL),
  ('2026-04-30', 'VT009', 'WH_HCM', 43, 20640000, 20, 46083, NULL),
  ('2026-04-30', 'VT010', 'WH_HN', 95, 85500000, 30, 45914, NULL),
  ('2026-04-30', 'VT010', 'WH_DA', 55, 49500000, 10, 46136, NULL),
  ('2026-04-30', 'VT010', 'WH_DN', 1, 900000, 20, 45970, NULL),
  ('2026-04-30', 'VT010', 'WH_HCM', 88, 79200000, 50, 45915, NULL),
  ('2026-04-30', 'VT011', 'WH_HN', 274, 95900000, 30, 45979, NULL),
  ('2026-04-30', 'VT011', 'WH_DA', 242, 84700000, 50, 45932, NULL),
  ('2026-04-30', 'VT011', 'WH_DN', 184, 64400000, 10, 46089, NULL),
  ('2026-04-30', 'VT011', 'WH_HCM', 198, 69300000, 10, 46084, NULL),
  ('2026-04-30', 'VT012', 'WH_HN', 18, 16200000, 20, 46026, NULL),
  ('2026-04-30', 'VT012', 'WH_DA', 109, 98100000, 20, 46115, NULL),
  ('2026-04-30', 'VT012', 'WH_DN', 59, 53100000, 20, 46016, NULL),
  ('2026-04-30', 'VT012', 'WH_HCM', 14, 12600000, 20, 45906, NULL),
  ('2026-04-30', 'VT013', 'WH_HN', 89, 42720000, 50, 46013, NULL),
  ('2026-04-30', 'VT013', 'WH_DA', 110, 52800000, 50, 45988, NULL),
  ('2026-04-30', 'VT013', 'WH_DN', 37, 17760000, 50, 46124, NULL),
  ('2026-04-30', 'VT013', 'WH_HCM', 13, 6240000, 50, 46031, NULL),
  ('2026-04-30', 'VT014', 'WH_HN', 94, 169200000, 30, 46128, NULL),
  ('2026-04-30', 'VT014', 'WH_DA', 62, 111600000, 50, 46078, NULL),
  ('2026-04-30', 'VT014', 'WH_DN', 67, 120600000, 10, 46029, NULL),
  ('2026-04-30', 'VT014', 'WH_HCM', 70, 126000000, 10, 46069, NULL),
  ('2026-04-30', 'VT015', 'WH_HN', 53, 95400000, 50, 46108, NULL),
  ('2026-04-30', 'VT015', 'WH_DA', 120, 216000000, 30, 46023, NULL),
  ('2026-04-30', 'VT015', 'WH_DN', 2, 3600000, 20, 46064, NULL),
  ('2026-04-30', 'VT015', 'WH_HCM', 60, 108000000, 30, 46025, NULL),
  ('2026-04-30', 'VT016', 'WH_HN', 28, 18200000, 30, 45902, NULL),
  ('2026-04-30', 'VT016', 'WH_DA', 107, 69550000, 50, 46104, NULL),
  ('2026-04-30', 'VT016', 'WH_DN', 92, 59800000, 50, 46031, NULL),
  ('2026-04-30', 'VT016', 'WH_HCM', 86, 55900000, 30, 45934, NULL),
  ('2026-04-30', 'VT017', 'WH_HN', 108, 19440000, 20, 45978, NULL),
  ('2026-04-30', 'VT017', 'WH_DA', 88, 15840000, 10, 45967, NULL),
  ('2026-04-30', 'VT017', 'WH_DN', 22, 3960000, 20, 46097, NULL),
  ('2026-04-30', 'VT017', 'WH_HCM', 12, 2160000, 50, 46011, NULL),
  ('2026-04-30', 'VT018', 'WH_HN', 26, 12480000, 10, 46133, NULL),
  ('2026-04-30', 'VT018', 'WH_DA', 33, 15840000, 30, 45964, NULL),
  ('2026-04-30', 'VT018', 'WH_DN', 105, 50400000, 10, 45931, NULL),
  ('2026-04-30', 'VT018', 'WH_HCM', 55, 26400000, 10, 45979, NULL),
  ('2026-04-30', 'VT019', 'WH_HN', 71, 63900000, 20, 46013, NULL),
  ('2026-04-30', 'VT019', 'WH_DA', 43, 38700000, 30, 45941, NULL),
  ('2026-04-30', 'VT019', 'WH_DN', 112, 100800000, 30, 45908, NULL),
  ('2026-04-30', 'VT019', 'WH_HCM', 88, 79200000, 10, 45957, NULL),
  ('2026-04-30', 'VT020', 'WH_HN', 56, 36400000, 50, 45922, NULL),
  ('2026-04-30', 'VT020', 'WH_DA', 13, 8450000, 10, 45927, NULL),
  ('2026-04-30', 'VT020', 'WH_DN', 64, 41600000, 10, 46095, NULL),
  ('2026-04-30', 'VT020', 'WH_HCM', 111, 72150000, 20, 45904, NULL),
  ('2026-04-30', 'VT021', 'WH_HN', 154, 53900000, 50, 45942, NULL),
  ('2026-04-30', 'VT021', 'WH_DA', 105, 36750000, 20, 45972, NULL),
  ('2026-04-30', 'VT021', 'WH_DN', 115, 40250000, 10, 45920, NULL),
  ('2026-04-30', 'VT021', 'WH_HCM', 81, 28350000, 20, 45924, NULL),
  ('2026-04-30', 'VT022', 'WH_HN', 43, 7740000, 30, 46008, NULL),
  ('2026-04-30', 'VT022', 'WH_DA', 34, 6120000, 30, 45954, NULL),
  ('2026-04-30', 'VT022', 'WH_DN', 46, 8280000, 20, 46099, NULL),
  ('2026-04-30', 'VT022', 'WH_HCM', 67, 12060000, 50, 45936, NULL),
  ('2026-04-30', 'VT023', 'WH_HN', 102, 183600000, 50, 46032, NULL),
  ('2026-04-30', 'VT023', 'WH_DA', 114, 205200000, 50, 45919, NULL),
  ('2026-04-30', 'VT023', 'WH_DN', 87, 156600000, 30, 46130, NULL),
  ('2026-04-30', 'VT023', 'WH_HCM', 98, 176400000, 10, 45954, NULL),
  ('2026-04-30', 'VT024', 'WH_HN', 120, 144000000, 10, 46116, NULL),
  ('2026-04-30', 'VT024', 'WH_DA', 51, 61200000, 20, 46026, NULL),
  ('2026-04-30', 'VT024', 'WH_DN', 97, 116400000, 10, 45968, NULL),
  ('2026-04-30', 'VT024', 'WH_HCM', 19, 22800000, 10, 45976, NULL),
  ('2026-04-30', 'VT025', 'WH_HN', 102, 183600000, 30, 46030, NULL),
  ('2026-04-30', 'VT025', 'WH_DA', 87, 156600000, 30, 45953, NULL),
  ('2026-04-30', 'VT025', 'WH_DN', 116, 208800000, 30, 46135, NULL),
  ('2026-04-30', 'VT025', 'WH_HCM', 115, 207000000, 20, 45958, NULL),
  ('2026-04-30', 'VT026', 'WH_HN', 82, 9840000, 20, 45910, NULL),
  ('2026-04-30', 'VT026', 'WH_DA', 100, 12000000, 50, 45959, NULL),
  ('2026-04-30', 'VT026', 'WH_DN', 103, 12360000, 50, 45939, NULL),
  ('2026-04-30', 'VT026', 'WH_HCM', 38, 4560000, 10, 46128, NULL),
  ('2026-04-30', 'VT027', 'WH_HN', 49, 44100000, 20, 46004, NULL),
  ('2026-04-30', 'VT027', 'WH_DA', 36, 32400000, 20, 46114, NULL),
  ('2026-04-30', 'VT027', 'WH_DN', 39, 35100000, 30, 45944, NULL),
  ('2026-04-30', 'VT027', 'WH_HCM', 2, 1800000, 10, 45910, NULL),
  ('2026-04-30', 'VT028', 'WH_HN', 75, 48750000, 30, 46076, NULL),
  ('2026-04-30', 'VT028', 'WH_DA', 38, 24700000, 50, 46008, NULL),
  ('2026-04-30', 'VT028', 'WH_DN', 7, 4550000, 30, 46071, NULL),
  ('2026-04-30', 'VT028', 'WH_HCM', 45, 29250000, 10, 46125, NULL),
  ('2026-04-30', 'VT029', 'WH_HN', 120, 108000000, 10, 46023, NULL),
  ('2026-04-30', 'VT029', 'WH_DA', 94, 84600000, 10, 46021, NULL),
  ('2026-04-30', 'VT029', 'WH_DN', 30, 27000000, 20, 46048, NULL),
  ('2026-04-30', 'VT029', 'WH_HCM', 85, 76500000, 20, 45955, NULL),
  ('2026-04-30', 'VT030', 'WH_HN', 94, 45120000, 20, 46111, NULL),
  ('2026-04-30', 'VT030', 'WH_DA', 74, 35520000, 20, 45927, NULL),
  ('2026-04-30', 'VT030', 'WH_DN', 58, 27840000, 10, 46100, NULL),
  ('2026-04-30', 'VT030', 'WH_HCM', 106, 50880000, 50, 46117, NULL),
  ('2026-04-30', 'VT031', 'WH_HN', 54, 97200000, 20, 46016, NULL),
  ('2026-04-30', 'VT031', 'WH_DA', 9, 16200000, 30, 45964, NULL),
  ('2026-04-30', 'VT031', 'WH_DN', 75, 135000000, 50, 45914, NULL),
  ('2026-04-30', 'VT031', 'WH_HCM', 63, 113400000, 50, 46025, NULL),
  ('2026-04-30', 'VT032', 'WH_HN', 62, 55800000, 50, 45927, NULL),
  ('2026-04-30', 'VT032', 'WH_DA', 64, 57600000, 20, 46013, NULL),
  ('2026-04-30', 'VT032', 'WH_DN', 16, 14400000, 10, 45960, NULL),
  ('2026-04-30', 'VT032', 'WH_HCM', 60, 54000000, 10, 45946, NULL),
  ('2026-04-30', 'VT033', 'WH_HN', 71, 24850000, 30, 45902, NULL),
  ('2026-04-30', 'VT033', 'WH_DA', 77, 26950000, 50, 46109, NULL),
  ('2026-04-30', 'VT033', 'WH_DN', 73, 25550000, 30, 46127, NULL),
  ('2026-04-30', 'VT033', 'WH_HCM', 15, 5250000, 30, 46059, NULL),
  ('2026-04-30', 'VT034', 'WH_HN', 38, 6840000, 30, 46013, NULL),
  ('2026-04-30', 'VT034', 'WH_DA', 18, 3240000, 20, 45937, NULL),
  ('2026-04-30', 'VT034', 'WH_DN', 6, 1080000, 30, 45910, NULL),
  ('2026-04-30', 'VT034', 'WH_HCM', 23, 4140000, 50, 46137, NULL),
  ('2026-04-30', 'VT035', 'WH_HN', 97, 24250000, 10, 46031, NULL),
  ('2026-04-30', 'VT035', 'WH_DA', 195, 48750000, 30, 45937, NULL),
  ('2026-04-30', 'VT035', 'WH_DN', 113, 28250000, 20, 46008, NULL),
  ('2026-04-30', 'VT035', 'WH_HCM', 195, 48750000, 50, 46099, NULL),
  ('2026-04-30', 'VT036', 'WH_HN', 41, 7380000, 10, 45933, NULL),
  ('2026-04-30', 'VT036', 'WH_DA', 79, 14220000, 50, 46038, NULL),
  ('2026-04-30', 'VT036', 'WH_DN', 50, 9000000, 30, 45999, NULL),
  ('2026-04-30', 'VT036', 'WH_HCM', 85, 15300000, 50, 45949, NULL),
  ('2026-05-31', 'VT001', 'WH_HN', 11, 1980000, 20, 45987, NULL),
  ('2026-05-31', 'VT001', 'WH_DA', 80, 14400000, 30, 46025, NULL),
  ('2026-05-31', 'VT001', 'WH_DN', 82, 14760000, 10, 46119, NULL),
  ('2026-05-31', 'VT001', 'WH_HCM', 69, 12420000, 10, 46023, NULL),
  ('2026-05-31', 'VT002', 'WH_HN', 96, 33600000, 50, 46040, NULL),
  ('2026-05-31', 'VT002', 'WH_DA', 15, 5250000, 20, 46164, NULL),
  ('2026-05-31', 'VT002', 'WH_DN', 26, 9100000, 20, 45956, NULL),
  ('2026-05-31', 'VT002', 'WH_HCM', 113, 39550000, 50, 46147, NULL),
  ('2026-05-31', 'VT003', 'WH_HN', 77, 13860000, 30, 46066, NULL),
  ('2026-05-31', 'VT003', 'WH_DA', 62, 11160000, 10, 46081, NULL),
  ('2026-05-31', 'VT003', 'WH_DN', 53, 9540000, 10, 45948, NULL),
  ('2026-05-31', 'VT003', 'WH_HCM', 48, 8640000, 30, 46145, NULL),
  ('2026-05-31', 'VT004', 'WH_HN', 12, 2160000, 20, 46095, NULL),
  ('2026-05-31', 'VT004', 'WH_DA', 32, 5760000, 10, 46129, NULL),
  ('2026-05-31', 'VT004', 'WH_DN', 52, 9360000, 20, 46153, NULL),
  ('2026-05-31', 'VT004', 'WH_HCM', 41, 7380000, 20, 46162, NULL),
  ('2026-05-31', 'VT005', 'WH_HN', 249, 29880000, 10, 46087, NULL),
  ('2026-05-31', 'VT005', 'WH_DA', 232, 27840000, 30, 46072, NULL),
  ('2026-05-31', 'VT005', 'WH_DN', 180, 21600000, 10, 46117, NULL),
  ('2026-05-31', 'VT005', 'WH_HCM', 300, 36000000, 20, 46042, NULL),
  ('2026-05-31', 'VT006', 'WH_HN', 64, 115200000, 50, 46139, NULL),
  ('2026-05-31', 'VT006', 'WH_DA', 40, 72000000, 50, 46027, NULL),
  ('2026-05-31', 'VT006', 'WH_DN', 61, 109800000, 10, 46064, NULL),
  ('2026-05-31', 'VT006', 'WH_HCM', 116, 208800000, 10, 46100, NULL),
  ('2026-05-31', 'VT007', 'WH_HN', 105, 36750000, 20, 45973, NULL),
  ('2026-05-31', 'VT007', 'WH_DA', 112, 39200000, 30, 46023, NULL),
  ('2026-05-31', 'VT007', 'WH_DN', 208, 72800000, 20, 45968, NULL),
  ('2026-05-31', 'VT007', 'WH_HCM', 218, 76300000, 20, 45968, NULL),
  ('2026-05-31', 'VT008', 'WH_HN', -8, -14400000, 50, 46158, 'Tồn âm cần kiểm tra'),
  ('2026-05-31', 'VT008', 'WH_DA', 106, 190800000, 30, 46001, NULL),
  ('2026-05-31', 'VT008', 'WH_DN', 0, 0, 10, 45933, NULL),
  ('2026-05-31', 'VT008', 'WH_HCM', 76, 136800000, 30, 45954, NULL),
  ('2026-05-31', 'VT009', 'WH_HN', 44, 21120000, 20, 46019, NULL),
  ('2026-05-31', 'VT009', 'WH_DA', 36, 17280000, 10, 46127, NULL),
  ('2026-05-31', 'VT009', 'WH_DN', 72, 34560000, 10, 46092, NULL),
  ('2026-05-31', 'VT009', 'WH_HCM', 89, 42720000, 10, 45956, NULL),
  ('2026-05-31', 'VT010', 'WH_HN', 71, 63900000, 30, 45944, NULL),
  ('2026-05-31', 'VT010', 'WH_DA', 78, 70200000, 30, 45942, NULL),
  ('2026-05-31', 'VT010', 'WH_DN', 43, 38700000, 30, 45976, NULL),
  ('2026-05-31', 'VT010', 'WH_HCM', 34, 30600000, 20, 45999, NULL),
  ('2026-05-31', 'VT011', 'WH_HN', 203, 71050000, 50, 46015, NULL),
  ('2026-05-31', 'VT011', 'WH_DA', 184, 64400000, 10, 46013, NULL),
  ('2026-05-31', 'VT011', 'WH_DN', 152, 53200000, 20, 46063, NULL),
  ('2026-05-31', 'VT011', 'WH_HCM', 275, 96250000, 50, 46031, NULL),
  ('2026-05-31', 'VT012', 'WH_HN', 112, 100800000, 10, 46031, NULL),
  ('2026-05-31', 'VT012', 'WH_DA', 106, 95400000, 50, 45996, NULL),
  ('2026-05-31', 'VT012', 'WH_DN', 104, 93600000, 50, 45957, NULL),
  ('2026-05-31', 'VT012', 'WH_HCM', 49, 44100000, 20, 45954, NULL),
  ('2026-05-31', 'VT013', 'WH_HN', 89, 42720000, 10, 46137, NULL),
  ('2026-05-31', 'VT013', 'WH_DA', -1, -480000, 20, 46055, 'Tồn âm cần kiểm tra'),
  ('2026-05-31', 'VT013', 'WH_DN', 97, 46560000, 30, 45994, NULL),
  ('2026-05-31', 'VT013', 'WH_HCM', 45, 21600000, 20, 46145, NULL),
  ('2026-05-31', 'VT014', 'WH_HN', 80, 144000000, 30, 45962, NULL),
  ('2026-05-31', 'VT014', 'WH_DA', 29, 52200000, 50, 46076, NULL),
  ('2026-05-31', 'VT014', 'WH_DN', 63, 113400000, 20, 46167, NULL),
  ('2026-05-31', 'VT014', 'WH_HCM', 105, 189000000, 50, 46140, NULL),
  ('2026-05-31', 'VT015', 'WH_HN', 72, 129600000, 50, 46125, NULL),
  ('2026-05-31', 'VT015', 'WH_DA', 84, 151200000, 20, 46152, NULL),
  ('2026-05-31', 'VT015', 'WH_DN', 95, 171000000, 10, 46136, NULL),
  ('2026-05-31', 'VT015', 'WH_HCM', 72, 129600000, 20, 45943, NULL),
  ('2026-05-31', 'VT016', 'WH_HN', 100, 65000000, 30, 46119, NULL),
  ('2026-05-31', 'VT016', 'WH_DA', 2, 1300000, 30, 45994, NULL),
  ('2026-05-31', 'VT016', 'WH_DN', 58, 37700000, 10, 46059, NULL),
  ('2026-05-31', 'VT016', 'WH_HCM', 120, 78000000, 10, 45950, NULL),
  ('2026-05-31', 'VT017', 'WH_HN', 55, 9900000, 50, 46098, NULL),
  ('2026-05-31', 'VT017', 'WH_DA', 66, 11880000, 50, 46042, NULL),
  ('2026-05-31', 'VT017', 'WH_DN', 97, 17460000, 10, 45942, NULL),
  ('2026-05-31', 'VT017', 'WH_HCM', 6, 1080000, 30, 45933, NULL),
  ('2026-05-31', 'VT018', 'WH_HN', 57, 27360000, 30, 46167, NULL),
  ('2026-05-31', 'VT018', 'WH_DA', 42, 20160000, 10, 45943, NULL),
  ('2026-05-31', 'VT018', 'WH_DN', 3, 1440000, 20, 45992, NULL),
  ('2026-05-31', 'VT018', 'WH_HCM', 9, 4320000, 20, 46118, NULL),
  ('2026-05-31', 'VT019', 'WH_HN', 39, 35100000, 10, 46008, NULL),
  ('2026-05-31', 'VT019', 'WH_DA', 3, 2700000, 50, 46058, NULL),
  ('2026-05-31', 'VT019', 'WH_DN', 75, 67500000, 30, 45953, NULL),
  ('2026-05-31', 'VT019', 'WH_HCM', 13, 11700000, 50, 46107, NULL),
  ('2026-05-31', 'VT020', 'WH_HN', 106, 68900000, 10, 45958, NULL),
  ('2026-05-31', 'VT020', 'WH_DA', 101, 65650000, 20, 46150, NULL),
  ('2026-05-31', 'VT020', 'WH_DN', 79, 51350000, 50, 45973, NULL),
  ('2026-05-31', 'VT020', 'WH_HCM', 57, 37050000, 10, 46147, NULL),
  ('2026-05-31', 'VT021', 'WH_HN', 88, 30800000, 50, 46088, NULL),
  ('2026-05-31', 'VT021', 'WH_DA', 96, 33600000, 20, 46153, NULL),
  ('2026-05-31', 'VT021', 'WH_DN', 94, 32900000, 30, 46012, NULL),
  ('2026-05-31', 'VT021', 'WH_HCM', 106, 37100000, 10, 46025, NULL),
  ('2026-05-31', 'VT022', 'WH_HN', 108, 19440000, 50, 46066, NULL),
  ('2026-05-31', 'VT022', 'WH_DA', 96, 17280000, 50, 46109, NULL),
  ('2026-05-31', 'VT022', 'WH_DN', 100, 18000000, 10, 46052, NULL),
  ('2026-05-31', 'VT022', 'WH_HCM', 101, 18180000, 50, 45943, NULL),
  ('2026-05-31', 'VT023', 'WH_HN', 12, 21600000, 30, 46002, NULL),
  ('2026-05-31', 'VT023', 'WH_DA', 100, 180000000, 10, 46052, NULL),
  ('2026-05-31', 'VT023', 'WH_DN', 75, 135000000, 20, 46141, NULL),
  ('2026-05-31', 'VT023', 'WH_HCM', 76, 136800000, 10, 46017, NULL),
  ('2026-05-31', 'VT024', 'WH_HN', 24, 28800000, 20, 46005, NULL),
  ('2026-05-31', 'VT024', 'WH_DA', 45, 54000000, 50, 46045, NULL),
  ('2026-05-31', 'VT024', 'WH_DN', 56, 67200000, 20, 46106, NULL),
  ('2026-05-31', 'VT024', 'WH_HCM', 5, 6000000, 10, 46136, NULL),
  ('2026-05-31', 'VT025', 'WH_HN', 55, 99000000, 30, 46089, NULL),
  ('2026-05-31', 'VT025', 'WH_DA', 69, 124200000, 20, 46131, NULL),
  ('2026-05-31', 'VT025', 'WH_DN', 77, 138600000, 30, 46094, NULL),
  ('2026-05-31', 'VT025', 'WH_HCM', 1, 1800000, 20, 46154, NULL),
  ('2026-05-31', 'VT026', 'WH_HN', 104, 12480000, 10, 46060, NULL),
  ('2026-05-31', 'VT026', 'WH_DA', 25, 3000000, 20, 45967, NULL),
  ('2026-05-31', 'VT026', 'WH_DN', 24, 2880000, 50, 45991, NULL),
  ('2026-05-31', 'VT026', 'WH_HCM', 59, 7080000, 30, 45950, NULL),
  ('2026-05-31', 'VT027', 'WH_HN', 42, 37800000, 30, 46061, NULL),
  ('2026-05-31', 'VT027', 'WH_DA', 13, 11700000, 50, 45944, NULL),
  ('2026-05-31', 'VT027', 'WH_DN', 5, 4500000, 50, 46112, NULL),
  ('2026-05-31', 'VT027', 'WH_HCM', 81, 72900000, 20, 45991, NULL),
  ('2026-05-31', 'VT028', 'WH_HN', 79, 51350000, 20, 46107, NULL),
  ('2026-05-31', 'VT028', 'WH_DA', 98, 63700000, 30, 45962, NULL),
  ('2026-05-31', 'VT028', 'WH_DN', 26, 16900000, 50, 46121, NULL),
  ('2026-05-31', 'VT028', 'WH_HCM', 0, 0, 30, 46166, NULL),
  ('2026-05-31', 'VT029', 'WH_HN', 3, 2700000, 10, 46132, NULL),
  ('2026-05-31', 'VT029', 'WH_DA', 24, 21600000, 30, 46157, NULL),
  ('2026-05-31', 'VT029', 'WH_DN', 25, 22500000, 20, 46096, NULL),
  ('2026-05-31', 'VT029', 'WH_HCM', 113, 101700000, 30, 45984, NULL),
  ('2026-05-31', 'VT030', 'WH_HN', 108, 51840000, 20, 46123, NULL),
  ('2026-05-31', 'VT030', 'WH_DA', 22, 10560000, 30, 45935, NULL),
  ('2026-05-31', 'VT030', 'WH_DN', 106, 50880000, 20, 46071, NULL),
  ('2026-05-31', 'VT030', 'WH_HCM', 113, 54240000, 10, 46082, NULL),
  ('2026-05-31', 'VT031', 'WH_HN', 39, 70200000, 50, 46107, NULL),
  ('2026-05-31', 'VT031', 'WH_DA', 47, 84600000, 20, 46034, NULL),
  ('2026-05-31', 'VT031', 'WH_DN', 79, 142200000, 50, 45944, NULL),
  ('2026-05-31', 'VT031', 'WH_HCM', 15, 27000000, 20, 45943, NULL),
  ('2026-05-31', 'VT032', 'WH_HN', 101, 90900000, 20, 46119, NULL),
  ('2026-05-31', 'VT032', 'WH_DA', 88, 79200000, 30, 46087, NULL),
  ('2026-05-31', 'VT032', 'WH_DN', 81, 72900000, 20, 45933, NULL),
  ('2026-05-31', 'VT032', 'WH_HCM', 78, 70200000, 20, 45950, NULL),
  ('2026-05-31', 'VT033', 'WH_HN', 101, 35350000, 20, 46085, NULL),
  ('2026-05-31', 'VT033', 'WH_DA', 80, 28000000, 30, 45945, NULL),
  ('2026-05-31', 'VT033', 'WH_DN', 65, 22750000, 50, 46115, NULL),
  ('2026-05-31', 'VT033', 'WH_HCM', 100, 35000000, 50, 45966, NULL),
  ('2026-05-31', 'VT034', 'WH_HN', 8, 1440000, 20, 46038, NULL),
  ('2026-05-31', 'VT034', 'WH_DA', 112, 20160000, 30, 46041, NULL),
  ('2026-05-31', 'VT034', 'WH_DN', 22, 3960000, 30, 45986, NULL),
  ('2026-05-31', 'VT034', 'WH_HCM', 88, 15840000, 50, 45985, NULL),
  ('2026-05-31', 'VT035', 'WH_HN', 148, 37000000, 50, 46005, NULL),
  ('2026-05-31', 'VT035', 'WH_DA', 89, 22250000, 20, 46112, NULL),
  ('2026-05-31', 'VT035', 'WH_DN', 140, 35000000, 50, 46113, NULL),
  ('2026-05-31', 'VT035', 'WH_HCM', 176, 44000000, 20, 45953, NULL),
  ('2026-05-31', 'VT036', 'WH_HN', 70, 12600000, 10, 46134, NULL),
  ('2026-05-31', 'VT036', 'WH_DA', 37, 6660000, 50, 46036, NULL),
  ('2026-05-31', 'VT036', 'WH_DN', 74, 13320000, 10, 46049, NULL),
  ('2026-05-31', 'VT036', 'WH_HCM', 43, 7740000, 50, 46053, NULL),
  ('2026-06-30', 'VT001', 'WH_HN', 52, 9360000, 30, 45993, NULL),
  ('2026-06-30', 'VT001', 'WH_DA', 34, 6120000, 50, 46192, NULL),
  ('2026-06-30', 'VT001', 'WH_DN', 29, 5220000, 30, 46033, NULL),
  ('2026-06-30', 'VT001', 'WH_HCM', 115, 20700000, 10, 46123, NULL),
  ('2026-06-30', 'VT002', 'WH_HN', 65, 22750000, 10, 45997, NULL),
  ('2026-06-30', 'VT002', 'WH_DA', 29, 10150000, 10, 46168, NULL),
  ('2026-06-30', 'VT002', 'WH_DN', 4, 1400000, 20, 46113, NULL),
  ('2026-06-30', 'VT002', 'WH_HCM', 42, 14700000, 30, 46121, NULL),
  ('2026-06-30', 'VT003', 'WH_HN', 98, 17640000, 30, 46150, NULL),
  ('2026-06-30', 'VT003', 'WH_DA', 17, 3060000, 30, 46196, NULL),
  ('2026-06-30', 'VT003', 'WH_DN', 36, 6480000, 30, 45998, NULL),
  ('2026-06-30', 'VT003', 'WH_HCM', 51, 9180000, 10, 46078, NULL),
  ('2026-06-30', 'VT004', 'WH_HN', 97, 17460000, 20, 45977, NULL),
  ('2026-06-30', 'VT004', 'WH_DA', 29, 5220000, 20, 46077, NULL),
  ('2026-06-30', 'VT004', 'WH_DN', 75, 13500000, 50, 46014, NULL),
  ('2026-06-30', 'VT004', 'WH_HCM', 43, 7740000, 10, 46118, NULL),
  ('2026-06-30', 'VT005', 'WH_HN', 256, 30720000, 20, 46086, NULL),
  ('2026-06-30', 'VT005', 'WH_DA', 157, 18840000, 30, 46163, NULL),
  ('2026-06-30', 'VT005', 'WH_DN', 228, 27360000, 10, 46071, NULL),
  ('2026-06-30', 'VT005', 'WH_HCM', 240, 28800000, 30, 46141, NULL),
  ('2026-06-30', 'VT006', 'WH_HN', 87, 156600000, 50, 46003, NULL),
  ('2026-06-30', 'VT006', 'WH_DA', 68, 122400000, 30, 46115, NULL),
  ('2026-06-30', 'VT006', 'WH_DN', 72, 129600000, 10, 46163, NULL),
  ('2026-06-30', 'VT006', 'WH_HCM', 42, 75600000, 50, 46101, NULL),
  ('2026-06-30', 'VT007', 'WH_HN', 96, 33600000, 50, 46150, NULL),
  ('2026-06-30', 'VT007', 'WH_DA', 195, 68250000, 30, 46175, NULL),
  ('2026-06-30', 'VT007', 'WH_DN', 125, 43750000, 10, 45987, NULL),
  ('2026-06-30', 'VT007', 'WH_HCM', 86, 30100000, 20, 46148, NULL),
  ('2026-06-30', 'VT008', 'WH_HN', 49, 88200000, 30, 46146, NULL),
  ('2026-06-30', 'VT008', 'WH_DA', 84, 151200000, 10, 46082, NULL),
  ('2026-06-30', 'VT008', 'WH_DN', 66, 118800000, 10, 46155, NULL),
  ('2026-06-30', 'VT008', 'WH_HCM', 116, 208800000, 50, 46098, NULL),
  ('2026-06-30', 'VT009', 'WH_HN', 14, 6720000, 20, 46061, NULL),
  ('2026-06-30', 'VT009', 'WH_DA', 95, 45600000, 10, 46099, NULL),
  ('2026-06-30', 'VT009', 'WH_DN', 110, 52800000, 20, 46165, NULL),
  ('2026-06-30', 'VT009', 'WH_HCM', 39, 18720000, 50, 45989, NULL),
  ('2026-06-30', 'VT010', 'WH_HN', 60, 54000000, 20, 46044, NULL),
  ('2026-06-30', 'VT010', 'WH_DA', 39, 35100000, 20, 46070, NULL),
  ('2026-06-30', 'VT010', 'WH_DN', -3, -2700000, 30, 46147, 'Tồn âm cần kiểm tra'),
  ('2026-06-30', 'VT010', 'WH_HCM', 57, 51300000, 10, 45987, NULL),
  ('2026-06-30', 'VT011', 'WH_HN', 213, 74550000, 30, 45965, NULL),
  ('2026-06-30', 'VT011', 'WH_DA', 267, 93450000, 50, 46051, NULL),
  ('2026-06-30', 'VT011', 'WH_DN', 223, 78050000, 50, 46110, NULL),
  ('2026-06-30', 'VT011', 'WH_HCM', 226, 79100000, 50, 46042, NULL),
  ('2026-06-30', 'VT012', 'WH_HN', 108, 97200000, 20, 46092, NULL),
  ('2026-06-30', 'VT012', 'WH_DA', 115, 103500000, 50, 46081, NULL),
  ('2026-06-30', 'VT012', 'WH_DN', 84, 75600000, 20, 46020, NULL),
  ('2026-06-30', 'VT012', 'WH_HCM', 50, 45000000, 10, 46137, NULL),
  ('2026-06-30', 'VT013', 'WH_HN', 20, 9600000, 30, 45973, NULL),
  ('2026-06-30', 'VT013', 'WH_DA', 37, 17760000, 10, 46020, NULL),
  ('2026-06-30', 'VT013', 'WH_DN', 115, 55200000, 20, 45966, NULL),
  ('2026-06-30', 'VT013', 'WH_HCM', 97, 46560000, 10, 46104, NULL),
  ('2026-06-30', 'VT014', 'WH_HN', 13, 23400000, 30, 46094, NULL),
  ('2026-06-30', 'VT014', 'WH_DA', 32, 57600000, 20, 46069, NULL),
  ('2026-06-30', 'VT014', 'WH_DN', 3, 5400000, 10, 46035, NULL),
  ('2026-06-30', 'VT014', 'WH_HCM', 95, 171000000, 50, 46101, NULL),
  ('2026-06-30', 'VT015', 'WH_HN', 51, 91800000, 20, 46097, NULL),
  ('2026-06-30', 'VT015', 'WH_DA', 32, 57600000, 10, 46017, NULL),
  ('2026-06-30', 'VT015', 'WH_DN', 41, 73800000, 50, 46074, NULL),
  ('2026-06-30', 'VT015', 'WH_HCM', 10, 18000000, 20, 46016, NULL),
  ('2026-06-30', 'VT016', 'WH_HN', 17, 11050000, 50, 45988, NULL),
  ('2026-06-30', 'VT016', 'WH_DA', -2, -1300000, 20, 45984, 'Tồn âm cần kiểm tra'),
  ('2026-06-30', 'VT016', 'WH_DN', 22, 14300000, 30, 46167, NULL),
  ('2026-06-30', 'VT016', 'WH_HCM', 50, 32500000, 20, 46179, NULL),
  ('2026-06-30', 'VT017', 'WH_HN', 1, 180000, 30, 46159, NULL),
  ('2026-06-30', 'VT017', 'WH_DA', 22, 3960000, 20, 46016, NULL),
  ('2026-06-30', 'VT017', 'WH_DN', 86, 15480000, 20, 46085, NULL),
  ('2026-06-30', 'VT017', 'WH_HCM', 107, 19260000, 10, 46099, NULL),
  ('2026-06-30', 'VT018', 'WH_HN', -7, -3360000, 10, 46045, 'Tồn âm cần kiểm tra'),
  ('2026-06-30', 'VT018', 'WH_DA', 98, 47040000, 20, 46135, NULL),
  ('2026-06-30', 'VT018', 'WH_DN', -1, -480000, 20, 46175, 'Tồn âm cần kiểm tra'),
  ('2026-06-30', 'VT018', 'WH_HCM', 1, 480000, 30, 45988, NULL),
  ('2026-06-30', 'VT019', 'WH_HN', 85, 76500000, 10, 46142, NULL),
  ('2026-06-30', 'VT019', 'WH_DA', 12, 10800000, 20, 46013, NULL),
  ('2026-06-30', 'VT019', 'WH_DN', 53, 47700000, 10, 45990, NULL),
  ('2026-06-30', 'VT019', 'WH_HCM', 71, 63900000, 20, 46039, NULL),
  ('2026-06-30', 'VT020', 'WH_HN', 69, 44850000, 50, 46089, NULL),
  ('2026-06-30', 'VT020', 'WH_DA', 27, 17550000, 10, 46107, NULL),
  ('2026-06-30', 'VT020', 'WH_DN', 1, 650000, 50, 46031, NULL),
  ('2026-06-30', 'VT020', 'WH_HCM', 49, 31850000, 20, 46081, NULL),
  ('2026-06-30', 'VT021', 'WH_HN', 151, 52850000, 30, 46187, NULL),
  ('2026-06-30', 'VT021', 'WH_DA', 185, 64750000, 30, 46002, NULL),
  ('2026-06-30', 'VT021', 'WH_DN', 217, 75950000, 20, 46134, NULL),
  ('2026-06-30', 'VT021', 'WH_HCM', 163, 57050000, 50, 46025, NULL),
  ('2026-06-30', 'VT022', 'WH_HN', 98, 17640000, 20, 46113, NULL),
  ('2026-06-30', 'VT022', 'WH_DA', 97, 17460000, 30, 45981, NULL),
  ('2026-06-30', 'VT022', 'WH_DN', 8, 1440000, 30, 46194, NULL),
  ('2026-06-30', 'VT022', 'WH_HCM', 74, 13320000, 50, 46101, NULL),
  ('2026-06-30', 'VT023', 'WH_HN', 94, 169200000, 20, 46070, NULL),
  ('2026-06-30', 'VT023', 'WH_DA', 1, 1800000, 20, 46193, NULL),
  ('2026-06-30', 'VT023', 'WH_DN', 114, 205200000, 10, 46119, NULL),
  ('2026-06-30', 'VT023', 'WH_HCM', 54, 97200000, 20, 46040, NULL),
  ('2026-06-30', 'VT024', 'WH_HN', 17, 20400000, 30, 46071, NULL),
  ('2026-06-30', 'VT024', 'WH_DA', 19, 22800000, 50, 46146, NULL),
  ('2026-06-30', 'VT024', 'WH_DN', 30, 36000000, 50, 46009, NULL),
  ('2026-06-30', 'VT024', 'WH_HCM', 17, 20400000, 30, 46117, NULL),
  ('2026-06-30', 'VT025', 'WH_HN', 97, 174600000, 10, 46065, NULL),
  ('2026-06-30', 'VT025', 'WH_DA', 53, 95400000, 30, 46006, NULL),
  ('2026-06-30', 'VT025', 'WH_DN', 108, 194400000, 30, 46111, NULL),
  ('2026-06-30', 'VT025', 'WH_HCM', 69, 124200000, 10, 45966, NULL),
  ('2026-06-30', 'VT026', 'WH_HN', 31, 3720000, 20, 46043, NULL),
  ('2026-06-30', 'VT026', 'WH_DA', 66, 7920000, 30, 46152, NULL),
  ('2026-06-30', 'VT026', 'WH_DN', 0, 0, 10, 45976, NULL),
  ('2026-06-30', 'VT026', 'WH_HCM', 24, 2880000, 10, 46036, NULL),
  ('2026-06-30', 'VT027', 'WH_HN', 120, 108000000, 20, 46166, NULL),
  ('2026-06-30', 'VT027', 'WH_DA', 75, 67500000, 20, 46138, NULL),
  ('2026-06-30', 'VT027', 'WH_DN', 54, 48600000, 50, 46119, NULL),
  ('2026-06-30', 'VT027', 'WH_HCM', 25, 22500000, 20, 46090, NULL),
  ('2026-06-30', 'VT028', 'WH_HN', 31, 20150000, 30, 46125, NULL),
  ('2026-06-30', 'VT028', 'WH_DA', 81, 52650000, 20, 46129, NULL),
  ('2026-06-30', 'VT028', 'WH_DN', 61, 39650000, 10, 46106, NULL),
  ('2026-06-30', 'VT028', 'WH_HCM', 21, 13650000, 50, 46086, NULL),
  ('2026-06-30', 'VT029', 'WH_HN', 78, 70200000, 50, 46004, NULL),
  ('2026-06-30', 'VT029', 'WH_DA', 101, 90900000, 50, 46193, NULL),
  ('2026-06-30', 'VT029', 'WH_DN', 54, 48600000, 10, 46004, NULL),
  ('2026-06-30', 'VT029', 'WH_HCM', 38, 34200000, 20, 46057, NULL),
  ('2026-06-30', 'VT030', 'WH_HN', 32, 15360000, 50, 46080, NULL),
  ('2026-06-30', 'VT030', 'WH_DA', 36, 17280000, 50, 46055, NULL),
  ('2026-06-30', 'VT030', 'WH_DN', 9, 4320000, 30, 46164, NULL),
  ('2026-06-30', 'VT030', 'WH_HCM', 25, 12000000, 20, 45964, NULL),
  ('2026-06-30', 'VT031', 'WH_HN', 1, 1800000, 30, 46073, NULL),
  ('2026-06-30', 'VT031', 'WH_DA', 53, 95400000, 50, 46008, NULL),
  ('2026-06-30', 'VT031', 'WH_DN', 62, 111600000, 30, 46034, NULL),
  ('2026-06-30', 'VT031', 'WH_HCM', 9, 16200000, 50, 45972, NULL),
  ('2026-06-30', 'VT032', 'WH_HN', 117, 105300000, 10, 46100, NULL),
  ('2026-06-30', 'VT032', 'WH_DA', 20, 18000000, 20, 46003, NULL),
  ('2026-06-30', 'VT032', 'WH_DN', 32, 28800000, 30, 46068, NULL),
  ('2026-06-30', 'VT032', 'WH_HCM', 81, 72900000, 30, 46020, NULL),
  ('2026-06-30', 'VT033', 'WH_HN', 49, 17150000, 50, 46010, NULL),
  ('2026-06-30', 'VT033', 'WH_DA', 61, 21350000, 10, 45963, NULL),
  ('2026-06-30', 'VT033', 'WH_DN', 80, 28000000, 10, 46020, NULL),
  ('2026-06-30', 'VT033', 'WH_HCM', 18, 6300000, 30, 46044, NULL),
  ('2026-06-30', 'VT034', 'WH_HN', 87, 15660000, 20, 46133, NULL),
  ('2026-06-30', 'VT034', 'WH_DA', 74, 13320000, 20, 46195, NULL),
  ('2026-06-30', 'VT034', 'WH_DN', 11, 1980000, 50, 46097, NULL),
  ('2026-06-30', 'VT034', 'WH_HCM', 115, 20700000, 10, 46066, NULL),
  ('2026-06-30', 'VT035', 'WH_HN', 188, 47000000, 20, 45986, NULL),
  ('2026-06-30', 'VT035', 'WH_DA', 157, 39250000, 50, 46048, NULL),
  ('2026-06-30', 'VT035', 'WH_DN', 102, 25500000, 10, 46036, NULL),
  ('2026-06-30', 'VT035', 'WH_HCM', 168, 42000000, 20, 46130, NULL),
  ('2026-06-30', 'VT036', 'WH_HN', 119, 21420000, 50, 46020, NULL),
  ('2026-06-30', 'VT036', 'WH_DA', 21, 3780000, 50, 46198, NULL),
  ('2026-06-30', 'VT036', 'WH_DN', 99, 17820000, 50, 46064, NULL),
  ('2026-06-30', 'VT036', 'WH_HCM', 36, 6480000, 50, 46155, NULL),
  ('2026-06-30', 'VT999', 'WH_HN', 50, 5000000, 20, 46183, 'Sai master item');

-- raw.dim_product  (36 dòng)
truncate raw.dim_product;
insert into raw.dim_product (item_code, item_name, category_code, category_name, standard_cost, list_price, item_status, abc_class, launch_date) values
  ('VT001', 'Dầu nhớt 01', 'CAT01', 'Dầu nhớt', 180000, 230000, 'Active', 'B', '2024-01-24'),
  ('VT002', 'Ắc quy 02', 'CAT02', 'Ắc quy', 350000, 427000, 'Active', 'C', '2024-04-05'),
  ('VT003', 'Lốp 03', 'CAT03', 'Lốp', 180000, 212000, 'Active', 'C', '2024-11-24'),
  ('VT004', 'Phụ tùng nhanh 04', 'CAT04', 'Phụ tùng nhanh', 180000, 234000, 'Active', 'A', '2024-10-14'),
  ('VT005', 'Phụ tùng thân vỏ 05', 'CAT05', 'Phụ tùng thân vỏ', 120000, 150000, 'Active', 'A', '2024-02-07'),
  ('VT006', 'Hóa chất 06', 'CAT06', 'Hóa chất', 1800000, 2430000, 'Active', 'C', '2024-10-01'),
  ('VT007', 'Dầu nhớt 07', 'CAT01', 'Dầu nhớt', 350000, 448000, 'Discontinued', 'C', '2024-12-21'),
  ('VT008', 'Ắc quy 08', 'CAT02', 'Ắc quy', 1800000, 2196000, 'Active', 'B', '2024-07-08'),
  ('VT009', 'Lốp 09', 'CAT03', 'Lốp', 480000, 566000, 'Active', 'A', '2024-01-25'),
  ('VT010', 'Phụ tùng nhanh 10', 'CAT04', 'Phụ tùng nhanh', 900000, 1170000, 'Active', 'A', '2024-06-09'),
  ('VT011', 'Phụ tùng thân vỏ 11', 'CAT05', 'Phụ tùng thân vỏ', 350000, 437000, 'Active', 'A', '2024-06-04'),
  ('VT012', 'Hóa chất 12', 'CAT06', 'Hóa chất', 900000, 1215000, 'Active', 'B', '2024-02-12'),
  ('VT013', 'Dầu nhớt 13', 'CAT01', 'Dầu nhớt', 480000, 614000, 'Active', 'B', '2024-01-24'),
  ('VT014', 'Ắc quy 14', 'CAT02', 'Ắc quy', 1800000, 2196000, 'Active', 'A', '2024-02-13'),
  ('VT015', 'Lốp 15', 'CAT03', 'Lốp', 1800000, 2124000, 'Active', 'C', '2024-05-21'),
  ('VT016', 'Phụ tùng nhanh 16', 'CAT04', 'Phụ tùng nhanh', 650000, 845000, 'Active', 'C', '2024-10-07'),
  ('VT017', 'Phụ tùng thân vỏ 17', 'CAT05', 'Phụ tùng thân vỏ', 180000, 225000, 'Active', 'A', '2024-01-22'),
  ('VT018', 'Hóa chất 18', 'CAT06', 'Hóa chất', 480000, 648000, 'Active', 'A', '2024-02-08'),
  ('VT019', 'Dầu nhớt 19', 'CAT01', 'Dầu nhớt', 900000, 1152000, 'Active', 'C', '2024-05-15'),
  ('VT020', 'Ắc quy 20', 'CAT02', 'Ắc quy', 650000, 793000, 'Active', 'B', '2024-03-12'),
  ('VT021', 'Lốp 21', 'CAT03', 'Lốp', 350000, 413000, 'Discontinued', 'C', '2024-11-09'),
  ('VT022', 'Phụ tùng nhanh 22', 'CAT04', 'Phụ tùng nhanh', 180000, 234000, 'Active', 'A', '2024-10-21'),
  ('VT023', 'Phụ tùng thân vỏ 23', 'CAT05', 'Phụ tùng thân vỏ', 1800000, 2250000, 'Active', 'A', '2024-12-08'),
  ('VT024', 'Hóa chất 24', 'CAT06', 'Hóa chất', 1200000, 1620000, 'Active', 'C', '2024-07-09'),
  ('VT025', 'Dầu nhớt 25', 'CAT01', 'Dầu nhớt', 1800000, 2304000, 'Active', 'B', '2024-04-22'),
  ('VT026', 'Ắc quy 26', 'CAT02', 'Ắc quy', 120000, 146000, 'Active', 'B', '2024-04-02'),
  ('VT027', 'Lốp 27', 'CAT03', 'Lốp', 900000, 1062000, 'Active', 'A', '2024-05-03'),
  ('VT028', 'Phụ tùng nhanh 28', 'CAT04', 'Phụ tùng nhanh', 650000, 845000, 'Active', 'B', '2024-04-21'),
  ('VT029', 'Phụ tùng thân vỏ 29', 'CAT05', 'Phụ tùng thân vỏ', 900000, 1125000, 'Active', 'A', '2024-11-15'),
  ('VT030', 'Hóa chất 30', 'CAT06', 'Hóa chất', 480000, 648000, 'Active', 'C', '2024-03-08'),
  ('VT031', 'Dầu nhớt 31', 'CAT01', 'Dầu nhớt', 1800000, 2304000, 'Active', 'C', '2024-09-09'),
  ('VT032', 'Ắc quy 32', 'CAT02', 'Ắc quy', 900000, 1098000, 'Active', 'B', '2024-10-13'),
  ('VT033', 'Lốp 33', 'CAT03', 'Lốp', 350000, 413000, 'Active', 'B', '2024-03-17'),
  ('VT034', 'Phụ tùng nhanh 34', 'CAT04', 'Phụ tùng nhanh', 180000, 234000, 'Active', 'A', '2024-01-04'),
  ('VT035', 'Phụ tùng thân vỏ 35', 'CAT05', 'Phụ tùng thân vỏ', 250000, 312000, 'Discontinued', 'C', '2024-11-14'),
  ('VT036', 'Hóa chất 36', 'CAT06', 'Hóa chất', 180000, 243000, 'Active', 'C', '2024-07-13');

-- raw.dim_customer  (40 dòng)
truncate raw.dim_customer;
insert into raw.dim_customer (customer_code, customer_name, region, channel, salesperson, customer_status) values
  ('KH001', 'Khách hàng 001', 'Miền Trung', 'Dự án', 'NV An', 'Active'),
  ('KH002', 'Khách hàng 002', 'Miền Nam', 'Đại lý', 'NV Chi', 'Active'),
  ('KH003', 'Khách hàng 003', 'Miền Nam', 'Dự án', 'NV An', 'Active'),
  ('KH004', 'Khách hàng 004', 'Miền Trung', 'Nội bộ', 'NV Bình', 'Active'),
  ('KH005', 'Khách hàng 005', 'Miền Trung', 'Đại lý', 'NV Chi', 'Active'),
  ('KH006', 'Khách hàng 006', 'Miền Nam', 'Bán lẻ', 'NV An', 'Active'),
  ('KH007', 'Khách hàng 007', 'Miền Nam', 'Dự án', 'NV Bình', 'Active'),
  ('KH008', 'Khách hàng 008', 'Miền Bắc', 'Dự án', 'NV Bình', 'Active'),
  ('KH009', 'Khách hàng 009', 'Miền Nam', 'Đại lý', 'NV Chi', 'Inactive'),
  ('KH010', 'Khách hàng 010', 'Miền Trung', 'Đại lý', 'NV An', 'Active'),
  ('KH011', 'Khách hàng 011', 'Miền Trung', 'Dự án', 'NV Bình', 'Active'),
  ('KH012', 'Khách hàng 012', 'Miền Bắc', 'Bán lẻ', 'NV An', 'Active'),
  ('KH013', 'Khách hàng 013', 'Miền Bắc', 'Nội bộ', 'NV An', 'Active'),
  ('KH014', 'Khách hàng 014', 'Miền Nam', 'Bán lẻ', 'NV Bình', 'Active'),
  ('KH015', 'Khách hàng 015', 'Miền Nam', 'Nội bộ', 'NV Bình', 'Active'),
  ('KH016', 'Khách hàng 016', 'Miền Trung', 'Nội bộ', 'NV Bình', 'Active'),
  ('KH017', 'Khách hàng 017', 'Miền Nam', 'Bán lẻ', 'NV Chi', 'Active'),
  ('KH018', 'Khách hàng 018', 'Miền Trung', 'Dự án', 'NV Dũng', 'Active'),
  ('KH019', 'Khách hàng 019', 'Miền Nam', 'Nội bộ', 'NV An', 'Active'),
  ('KH020', 'Khách hàng 020', 'Miền Bắc', 'Bán lẻ', 'NV An', 'Active'),
  ('KH021', 'Khách hàng 021', 'Miền Trung', 'Đại lý', 'NV Bình', 'Active'),
  ('KH022', 'Khách hàng 022', 'Miền Nam', 'Bán lẻ', 'NV An', 'Active'),
  ('KH023', 'Khách hàng 023', 'Miền Bắc', 'Đại lý', 'NV Bình', 'Active'),
  ('KH024', 'Khách hàng 024', 'Miền Bắc', 'Đại lý', 'NV Chi', 'Active'),
  ('KH025', 'Khách hàng 025', 'Miền Bắc', 'Bán lẻ', 'NV Chi', 'Active'),
  ('KH026', 'Khách hàng 026', 'Miền Nam', 'Nội bộ', 'NV Bình', 'Active'),
  ('KH027', 'Khách hàng 027', 'Miền Nam', 'Bán lẻ', 'NV Dũng', 'Active'),
  ('KH028', 'Khách hàng 028', 'Miền Bắc', 'Nội bộ', 'NV Dũng', 'Active'),
  ('KH029', 'Khách hàng 029', 'Miền Bắc', 'Đại lý', 'NV An', 'Active'),
  ('KH030', 'Khách hàng 030', 'Miền Nam', 'Nội bộ', 'NV Chi', 'Active'),
  ('KH031', 'Khách hàng 031', 'Miền Trung', 'Nội bộ', 'NV Dũng', 'Inactive'),
  ('KH032', 'Khách hàng 032', 'Miền Nam', 'Đại lý', 'NV An', 'Active'),
  ('KH033', 'Khách hàng 033', 'Miền Bắc', 'Nội bộ', 'NV Chi', 'Active'),
  ('KH034', 'Khách hàng 034', 'Miền Bắc', 'Bán lẻ', 'NV Bình', 'Active'),
  ('KH035', 'Khách hàng 035', 'Miền Bắc', 'Nội bộ', 'NV Bình', 'Active'),
  ('KH036', 'Khách hàng 036', 'Miền Trung', 'Bán lẻ', 'NV Chi', 'Active'),
  ('KH037', 'Khách hàng 037', 'Miền Trung', 'Bán lẻ', 'NV An', 'Active'),
  ('KH038', 'Khách hàng 038', 'Miền Trung', 'Đại lý', 'NV An', 'Active'),
  ('KH039', 'Khách hàng 039', 'Miền Nam', 'Đại lý', 'NV An', 'Active'),
  ('KH040', 'Khách hàng 040', 'Miền Bắc', 'Bán lẻ', 'NV Dũng', 'Active');

-- raw.dim_warehouse  (5 dòng)
truncate raw.dim_warehouse;
insert into raw.dim_warehouse (warehouse_code, warehouse_name, region, warehouse_status) values
  ('WH_HN', 'Kho Hà Nội', 'Miền Bắc', 'Active'),
  ('WH_DA', 'Kho Đông Anh', 'Miền Bắc', 'Active'),
  ('WH_DN', 'Kho Đà Nẵng', 'Miền Trung', 'Active'),
  ('WH_HCM', 'Kho HCM', 'Miền Nam', 'Active'),
  ('WH_OLD', 'Kho cũ - ngừng dùng', 'Miền Bắc', 'Inactive');

-- raw.plan_monthly_sales  (108 dòng)
truncate raw.plan_monthly_sales;
insert into raw.plan_monthly_sales (month_start, region, category_code, category_name, target_revenue) values
  ('2026-01-01', 'Miền Bắc', 'CAT01', 'Dầu nhớt', 897000000),
  ('2026-01-01', 'Miền Bắc', 'CAT02', 'Ắc quy', 892000000),
  ('2026-01-01', 'Miền Bắc', 'CAT03', 'Lốp', 618000000),
  ('2026-01-01', 'Miền Bắc', 'CAT04', 'Phụ tùng nhanh', 810000000),
  ('2026-01-01', 'Miền Bắc', 'CAT05', 'Phụ tùng thân vỏ', 460000000),
  ('2026-01-01', 'Miền Bắc', 'CAT06', 'Hóa chất', 568000000),
  ('2026-01-01', 'Miền Trung', 'CAT01', 'Dầu nhớt', 788000000),
  ('2026-01-01', 'Miền Trung', 'CAT02', 'Ắc quy', 402000000),
  ('2026-01-01', 'Miền Trung', 'CAT03', 'Lốp', 799000000),
  ('2026-01-01', 'Miền Trung', 'CAT04', 'Phụ tùng nhanh', 671000000),
  ('2026-01-01', 'Miền Trung', 'CAT05', 'Phụ tùng thân vỏ', 865000000),
  ('2026-01-01', 'Miền Trung', 'CAT06', 'Hóa chất', 692000000),
  ('2026-01-01', 'Miền Nam', 'CAT01', 'Dầu nhớt', 833000000),
  ('2026-01-01', 'Miền Nam', 'CAT02', 'Ắc quy', 1113000000),
  ('2026-01-01', 'Miền Nam', 'CAT03', 'Lốp', 1148000000),
  ('2026-01-01', 'Miền Nam', 'CAT04', 'Phụ tùng nhanh', 969000000),
  ('2026-01-01', 'Miền Nam', 'CAT05', 'Phụ tùng thân vỏ', 1077000000),
  ('2026-01-01', 'Miền Nam', 'CAT06', 'Hóa chất', 1135000000),
  ('2026-02-01', 'Miền Bắc', 'CAT01', 'Dầu nhớt', 898000000),
  ('2026-02-01', 'Miền Bắc', 'CAT02', 'Ắc quy', 558000000),
  ('2026-02-01', 'Miền Bắc', 'CAT03', 'Lốp', 594000000),
  ('2026-02-01', 'Miền Bắc', 'CAT04', 'Phụ tùng nhanh', 703000000),
  ('2026-02-01', 'Miền Bắc', 'CAT05', 'Phụ tùng thân vỏ', 622000000),
  ('2026-02-01', 'Miền Bắc', 'CAT06', 'Hóa chất', 459000000),
  ('2026-02-01', 'Miền Trung', 'CAT01', 'Dầu nhớt', 993000000),
  ('2026-02-01', 'Miền Trung', 'CAT02', 'Ắc quy', 1153000000),
  ('2026-02-01', 'Miền Trung', 'CAT03', 'Lốp', 955000000),
  ('2026-02-01', 'Miền Trung', 'CAT04', 'Phụ tùng nhanh', 462000000),
  ('2026-02-01', 'Miền Trung', 'CAT05', 'Phụ tùng thân vỏ', 1165000000),
  ('2026-02-01', 'Miền Trung', 'CAT06', 'Hóa chất', 721000000),
  ('2026-02-01', 'Miền Nam', 'CAT01', 'Dầu nhớt', 458000000),
  ('2026-02-01', 'Miền Nam', 'CAT02', 'Ắc quy', 451000000),
  ('2026-02-01', 'Miền Nam', 'CAT03', 'Lốp', 998000000),
  ('2026-02-01', 'Miền Nam', 'CAT04', 'Phụ tùng nhanh', 888000000),
  ('2026-02-01', 'Miền Nam', 'CAT05', 'Phụ tùng thân vỏ', 914000000),
  ('2026-02-01', 'Miền Nam', 'CAT06', 'Hóa chất', 943000000),
  ('2026-03-01', 'Miền Bắc', 'CAT01', 'Dầu nhớt', 561000000),
  ('2026-03-01', 'Miền Bắc', 'CAT02', 'Ắc quy', 458000000),
  ('2026-03-01', 'Miền Bắc', 'CAT03', 'Lốp', 920000000),
  ('2026-03-01', 'Miền Bắc', 'CAT04', 'Phụ tùng nhanh', 482000000),
  ('2026-03-01', 'Miền Bắc', 'CAT05', 'Phụ tùng thân vỏ', 590000000),
  ('2026-03-01', 'Miền Bắc', 'CAT06', 'Hóa chất', 470000000),
  ('2026-03-01', 'Miền Trung', 'CAT01', 'Dầu nhớt', 1009000000),
  ('2026-03-01', 'Miền Trung', 'CAT02', 'Ắc quy', 469000000),
  ('2026-03-01', 'Miền Trung', 'CAT03', 'Lốp', 1091000000),
  ('2026-03-01', 'Miền Trung', 'CAT04', 'Phụ tùng nhanh', 640000000),
  ('2026-03-01', 'Miền Trung', 'CAT05', 'Phụ tùng thân vỏ', 813000000),
  ('2026-03-01', 'Miền Trung', 'CAT06', 'Hóa chất', 522000000),
  ('2026-03-01', 'Miền Nam', 'CAT01', 'Dầu nhớt', 983000000),
  ('2026-03-01', 'Miền Nam', 'CAT02', 'Ắc quy', 652000000),
  ('2026-03-01', 'Miền Nam', 'CAT03', 'Lốp', 992000000),
  ('2026-03-01', 'Miền Nam', 'CAT04', 'Phụ tùng nhanh', 1008000000),
  ('2026-03-01', 'Miền Nam', 'CAT05', 'Phụ tùng thân vỏ', 440000000),
  ('2026-03-01', 'Miền Nam', 'CAT06', 'Hóa chất', 1034000000),
  ('2026-04-01', 'Miền Bắc', 'CAT01', 'Dầu nhớt', 483000000),
  ('2026-04-01', 'Miền Bắc', 'CAT02', 'Ắc quy', 829000000),
  ('2026-04-01', 'Miền Bắc', 'CAT03', 'Lốp', 1073000000),
  ('2026-04-01', 'Miền Bắc', 'CAT04', 'Phụ tùng nhanh', 997000000),
  ('2026-04-01', 'Miền Bắc', 'CAT05', 'Phụ tùng thân vỏ', 978000000),
  ('2026-04-01', 'Miền Bắc', 'CAT06', 'Hóa chất', 935000000),
  ('2026-04-01', 'Miền Trung', 'CAT01', 'Dầu nhớt', 723000000),
  ('2026-04-01', 'Miền Trung', 'CAT02', 'Ắc quy', 667000000),
  ('2026-04-01', 'Miền Trung', 'CAT03', 'Lốp', 609000000),
  ('2026-04-01', 'Miền Trung', 'CAT04', 'Phụ tùng nhanh', 1085000000),
  ('2026-04-01', 'Miền Trung', 'CAT05', 'Phụ tùng thân vỏ', 1133000000),
  ('2026-04-01', 'Miền Trung', 'CAT06', 'Hóa chất', 721000000),
  ('2026-04-01', 'Miền Nam', 'CAT01', 'Dầu nhớt', 644000000),
  ('2026-04-01', 'Miền Nam', 'CAT02', 'Ắc quy', 671000000),
  ('2026-04-01', 'Miền Nam', 'CAT03', 'Lốp', 805000000),
  ('2026-04-01', 'Miền Nam', 'CAT04', 'Phụ tùng nhanh', 534000000),
  ('2026-04-01', 'Miền Nam', 'CAT05', 'Phụ tùng thân vỏ', 1087000000),
  ('2026-04-01', 'Miền Nam', 'CAT06', 'Hóa chất', 1060000000),
  ('2026-05-01', 'Miền Bắc', 'CAT01', 'Dầu nhớt', 707000000),
  ('2026-05-01', 'Miền Bắc', 'CAT02', 'Ắc quy', 868000000),
  ('2026-05-01', 'Miền Bắc', 'CAT03', 'Lốp', 723000000),
  ('2026-05-01', 'Miền Bắc', 'CAT04', 'Phụ tùng nhanh', 1169000000),
  ('2026-05-01', 'Miền Bắc', 'CAT05', 'Phụ tùng thân vỏ', 474000000),
  ('2026-05-01', 'Miền Bắc', 'CAT06', 'Hóa chất', 409000000),
  ('2026-05-01', 'Miền Trung', 'CAT01', 'Dầu nhớt', 869000000),
  ('2026-05-01', 'Miền Trung', 'CAT02', 'Ắc quy', 1036000000),
  ('2026-05-01', 'Miền Trung', 'CAT03', 'Lốp', 976000000),
  ('2026-05-01', 'Miền Trung', 'CAT04', 'Phụ tùng nhanh', 502000000),
  ('2026-05-01', 'Miền Trung', 'CAT05', 'Phụ tùng thân vỏ', 475000000),
  ('2026-05-01', 'Miền Trung', 'CAT06', 'Hóa chất', 950000000),
  ('2026-05-01', 'Miền Nam', 'CAT01', 'Dầu nhớt', 618000000),
  ('2026-05-01', 'Miền Nam', 'CAT02', 'Ắc quy', 918000000),
  ('2026-05-01', 'Miền Nam', 'CAT03', 'Lốp', 671000000),
  ('2026-05-01', 'Miền Nam', 'CAT04', 'Phụ tùng nhanh', 535000000),
  ('2026-05-01', 'Miền Nam', 'CAT05', 'Phụ tùng thân vỏ', 757000000),
  ('2026-05-01', 'Miền Nam', 'CAT06', 'Hóa chất', 470000000),
  ('2026-06-01', 'Miền Bắc', 'CAT01', 'Dầu nhớt', 650000000),
  ('2026-06-01', 'Miền Bắc', 'CAT02', 'Ắc quy', 778000000),
  ('2026-06-01', 'Miền Bắc', 'CAT03', 'Lốp', 691000000),
  ('2026-06-01', 'Miền Bắc', 'CAT04', 'Phụ tùng nhanh', 561000000),
  ('2026-06-01', 'Miền Bắc', 'CAT05', 'Phụ tùng thân vỏ', 848000000),
  ('2026-06-01', 'Miền Bắc', 'CAT06', 'Hóa chất', 956000000),
  ('2026-06-01', 'Miền Trung', 'CAT01', 'Dầu nhớt', 1120000000),
  ('2026-06-01', 'Miền Trung', 'CAT02', 'Ắc quy', 709000000),
  ('2026-06-01', 'Miền Trung', 'CAT03', 'Lốp', 1026000000),
  ('2026-06-01', 'Miền Trung', 'CAT04', 'Phụ tùng nhanh', 1069000000),
  ('2026-06-01', 'Miền Trung', 'CAT05', 'Phụ tùng thân vỏ', 941000000),
  ('2026-06-01', 'Miền Trung', 'CAT06', 'Hóa chất', 408000000),
  ('2026-06-01', 'Miền Nam', 'CAT01', 'Dầu nhớt', 1083000000),
  ('2026-06-01', 'Miền Nam', 'CAT02', 'Ắc quy', 967000000),
  ('2026-06-01', 'Miền Nam', 'CAT03', 'Lốp', 706000000),
  ('2026-06-01', 'Miền Nam', 'CAT04', 'Phụ tùng nhanh', 1079000000),
  ('2026-06-01', 'Miền Nam', 'CAT05', 'Phụ tùng thân vỏ', 506000000),
  ('2026-06-01', 'Miền Nam', 'CAT06', 'Hóa chất', 537000000);

-- raw.data_quality_hint  (6 dòng)
truncate raw.data_quality_hint;
insert into raw.data_quality_hint (rule_code, rule_name, description) values
  ('DQ01', 'Master data missing', 'Mã khách hàng/vật tư/kho trong fact không có trong dim tương ứng'),
  ('DQ02', 'Inactive master used', 'Sử dụng khách hàng/kho/vật tư đã inactive/discontinued'),
  ('DQ03', 'Duplicate key', 'Trùng OrderNo + LineNo'),
  ('DQ04', 'Abnormal numeric', 'Giá bán = 0, chiết khấu quá cao, số lượng bất thường, tồn âm'),
  ('DQ05', 'Status logic', 'Cancelled/Open/Return cần xử lý riêng khi tính doanh thu/fill rate'),
  ('DQ06', 'Date logic', 'Giao hàng trễ, thiếu ngày giao thực tế, ngày nhận hàng quá cũ');

-- Kiểm tra nhanh: phải ra 452 / 865 / 36 / 40 / 5 / 108 / 6
select 'fact_sales_orders' t, count(*) from raw.fact_sales_orders
union all select 'fact_inventory_eom', count(*) from raw.fact_inventory_eom
union all select 'dim_product',        count(*) from raw.dim_product
union all select 'dim_customer',       count(*) from raw.dim_customer
union all select 'dim_warehouse',      count(*) from raw.dim_warehouse
union all select 'plan_monthly_sales', count(*) from raw.plan_monthly_sales
union all select 'data_quality_hint',  count(*) from raw.data_quality_hint;
